Country Name,Country Code,Continent,Year,Birth Rate,Death Rate,Life Expectancy
Afghanistan,AFG,Asia,2010,40.602,8.254,60.851
Afghanistan,AFG,Asia,2011,39.855,7.931,61.419
Afghanistan,AFG,Asia,2012,40.009,7.711,61.923
Afghanistan,AFG,Asia,2013,39.601,7.478,62.417
Afghanistan,AFG,Asia,2014,39.105,7.395,62.545
Afghanistan,AFG,Asia,2015,38.803,7.331,62.659
Afghanistan,AFG,Asia,2016,37.936,7.077,63.136
Afghanistan,AFG,Asia,2017,37.342,7.027,63.016
Afghanistan,AFG,Asia,2018,36.927,6.981,63.081
Afghanistan,AFG,Asia,2019,36.466,6.791,63.565
Albania,ALB,Europe,2010,11.92,7.029,77.936
Albania,ALB,Europe,2011,12.035,7.238,78.092
Albania,ALB,Europe,2012,12.227,7.573,78.064
Albania,ALB,Europe,2013,12.279,7.819,78.123
Albania,ALB,Europe,2014,12.15,7.868,78.407
Albania,ALB,Europe,2015,11.718,7.947,78.644
Albania,ALB,Europe,2016,11.289,8.035,78.86
Albania,ALB,Europe,2017,10.87,8.15,79.047
Albania,ALB,Europe,2018,10.517,8.308,79.184
Albania,ALB,Europe,2019,10.343,8.48,79.282
Algeria,DZA,Africa,2010,24.458,4.754,73.808
Algeria,DZA,Africa,2011,24.815,4.713,74.123
Algeria,DZA,Africa,2012,25.382,4.767,74.202
Algeria,DZA,Africa,2013,25.236,4.673,74.615
Algeria,DZA,Africa,2014,25.404,4.555,75.11
Algeria,DZA,Africa,2015,25.405,4.437,75.622
Algeria,DZA,Africa,2016,25.166,4.472,75.732
Algeria,DZA,Africa,2017,24.755,4.542,75.743
Algeria,DZA,Africa,2018,24.074,4.482,76.066
Algeria,DZA,Africa,2019,23.298,4.392,76.474
American Samoa,ASM,Oceania,2010,18.7,0.0,0.0
American Samoa,ASM,Oceania,2011,0.0,0.0,0.0
American Samoa,ASM,Oceania,2012,0.0,0.0,0.0
American Samoa,ASM,Oceania,2013,0.0,0.0,0.0
American Samoa,ASM,Oceania,2014,17.5,4.2,0.0
American Samoa,ASM,Oceania,2015,0.0,0.0,0.0
American Samoa,ASM,Oceania,2016,0.0,0.0,0.0
American Samoa,ASM,Oceania,2017,16.6,5.1,0.0
American Samoa,ASM,Oceania,2018,0.0,0.0,0.0
American Samoa,ASM,Oceania,2019,0.0,0.0,0.0
Andorra,AND,Europe,2010,9.8,2.8,0.0
Andorra,AND,Europe,2011,0.0,0.0,0.0
Andorra,AND,Europe,2012,9.5,3.9,0.0
Andorra,AND,Europe,2013,0.0,0.0,0.0
Andorra,AND,Europe,2014,0.0,0.0,0.0
Andorra,AND,Europe,2015,0.0,0.0,0.0
Andorra,AND,Europe,2016,8.8,4.3,0.0
Andorra,AND,Europe,2017,0.0,0.0,0.0
Andorra,AND,Europe,2018,7.2,4.4,0.0
Andorra,AND,Europe,2019,7.0,3.9,0.0
Angola,AGO,Africa,2010,44.97,11.177,56.726
Angola,AGO,Africa,2011,44.364,10.63,57.596
Angola,AGO,Africa,2012,43.86,10.031,58.623
Angola,AGO,Africa,2013,43.282,9.607,59.307
Angola,AGO,Africa,2014,42.676,9.181,60.04
Angola,AGO,Africa,2015,42.02,8.826,60.655
Angola,AGO,Africa,2016,41.377,8.555,61.092
Angola,AGO,Africa,2017,40.81,8.242,61.68
Angola,AGO,Africa,2018,40.236,7.99,62.144
Angola,AGO,Africa,2019,39.725,7.811,62.448
Antigua and Barbuda,ATG,North America,2010,14.715,5.7,76.82
Antigua and Barbuda,ATG,North America,2011,14.313,5.624,77.104
Antigua and Barbuda,ATG,North America,2012,13.497,5.585,77.35
Antigua and Barbuda,ATG,North America,2013,12.469,5.565,77.583
Antigua and Barbuda,ATG,North America,2014,12.325,5.544,77.858
Antigua and Barbuda,ATG,North America,2015,12.591,5.649,77.913
Antigua and Barbuda,ATG,North America,2016,11.659,5.662,78.152
Antigua and Barbuda,ATG,North America,2017,11.789,5.746,78.268
Antigua and Barbuda,ATG,North America,2018,10.816,5.787,78.511
Antigua and Barbuda,ATG,North America,2019,11.485,5.865,78.691
Argentina,ARG,South America,2010,17.87,7.661,75.721
Argentina,ARG,South America,2011,17.806,7.51,76.124
Argentina,ARG,South America,2012,17.729,7.394,76.467
Argentina,ARG,South America,2013,17.632,7.494,76.491
Argentina,ARG,South America,2014,17.504,7.447,76.755
Argentina,ARG,South America,2015,17.346,7.543,76.76
Argentina,ARG,South America,2016,16.824,7.947,76.308
Argentina,ARG,South America,2017,16.206,7.692,76.833
Argentina,ARG,South America,2018,15.187,7.68,76.999
Argentina,ARG,South America,2019,14.783,7.6,77.284
Armenia,ARM,Asia,2010,13.898,9.384,73.16
Armenia,ARM,Asia,2011,14.046,9.559,73.305
Armenia,ARM,Asia,2012,15.094,9.761,73.454
Armenia,ARM,Asia,2013,15.055,9.813,73.676
Armenia,ARM,Asia,2014,15.842,9.704,74.058
Armenia,ARM,Asia,2015,14.641,9.607,74.436
Armenia,ARM,Asia,2016,14.504,9.634,74.664
Armenia,ARM,Asia,2017,13.606,9.664,74.906
Armenia,ARM,Asia,2018,13.307,9.75,75.064
Armenia,ARM,Asia,2019,12.892,9.662,75.439
Aruba,ABW,North America,2010,12.193,6.745,75.404
Aruba,ABW,North America,2011,12.246,6.945,75.465
Aruba,ABW,North America,2012,12.723,7.187,75.531
Aruba,ABW,North America,2013,13.316,7.403,75.636
Aruba,ABW,North America,2014,13.533,7.729,75.601
Aruba,ABW,North America,2015,12.428,7.968,75.683
Aruba,ABW,North America,2016,12.3,8.336,75.617
Aruba,ABW,North America,2017,11.53,8.414,75.903
Aruba,ABW,North America,2018,9.881,8.597,76.072
Aruba,ABW,North America,2019,9.138,8.778,76.248
Australia,AUS,Oceania,2010,13.7,6.5,81.69512195
Australia,AUS,Oceania,2011,13.6,6.6,81.89512195
Australia,AUS,Oceania,2012,13.7,6.6,82.04634146
Australia,AUS,Oceania,2013,13.3,6.4,82.14878049
Australia,AUS,Oceania,2014,13.2,6.6,82.3
Australia,AUS,Oceania,2015,12.9,6.6,82.4
Australia,AUS,Oceania,2016,12.9,6.6,82.44878049
Australia,AUS,Oceania,2017,12.6,6.5,82.5
Australia,AUS,Oceania,2018,12.6,6.3,82.74878049
Australia,AUS,Oceania,2019,12.1,6.7,82.9
Austria,AUT,Europe,2010,9.4,9.2,80.5804878
Austria,AUT,Europe,2011,9.3,9.1,80.98292683
Austria,AUT,Europe,2012,9.4,9.4,80.93658537
Austria,AUT,Europe,2013,9.4,9.4,81.13658537
Austria,AUT,Europe,2014,9.6,9.2,81.4902439
Austria,AUT,Europe,2015,9.8,9.6,81.1902439
Austria,AUT,Europe,2016,10.0,9.2,81.64146341
Austria,AUT,Europe,2017,10.0,9.5,81.64390244
Austria,AUT,Europe,2018,9.7,9.5,81.69268293
Austria,AUT,Europe,2019,9.6,9.4,81.89512195
Azerbaijan,AZE,Asia,2010,18.3,5.9,69.529
Azerbaijan,AZE,Asia,2011,19.2,5.9,69.984
Azerbaijan,AZE,Asia,2012,18.8,5.9,70.36
Azerbaijan,AZE,Asia,2013,18.3,5.8,70.881
Azerbaijan,AZE,Asia,2014,17.9,5.8,71.116
Azerbaijan,AZE,Asia,2015,17.2,5.7,71.451
Azerbaijan,AZE,Asia,2016,16.3,5.8,72.004
Azerbaijan,AZE,Asia,2017,14.6,5.8,72.248
Azerbaijan,AZE,Asia,2018,14.0,5.8,72.76
Azerbaijan,AZE,Asia,2019,14.1,5.6,73.102
Bahamas,BHS,North America,2010,14.858,6.269,72.731
Bahamas,BHS,North America,2011,14.075,6.454,72.564
Bahamas,BHS,North America,2012,14.114,6.491,72.753
Bahamas,BHS,North America,2013,12.244,6.49,73.024
Bahamas,BHS,North America,2014,13.57,6.483,73.366
Bahamas,BHS,North America,2015,12.812,6.724,73.104
Bahamas,BHS,North America,2016,12.188,6.717,73.537
Bahamas,BHS,North America,2017,11.653,6.84,73.632
Bahamas,BHS,North America,2018,11.566,6.935,73.806
Bahamas,BHS,North America,2019,11.487,7.943,71.205
Bahrain,BHR,Asia,2010,15.845,1.883,78.748
Bahrain,BHR,Asia,2011,15.759,1.927,78.89
Bahrain,BHR,Asia,2012,15.955,1.935,79.081
Bahrain,BHR,Asia,2013,15.862,1.933,79.246
Bahrain,BHR,Asia,2014,15.953,2.028,79.328
Bahrain,BHR,Asia,2015,15.791,2.109,79.405
Bahrain,BHR,Asia,2016,15.181,2.071,79.557
Bahrain,BHR,Asia,2017,14.506,2.039,79.689
Bahrain,BHR,Asia,2018,13.818,1.992,79.857
Bahrain,BHR,Asia,2019,13.198,2.0,80.019
Bangladesh,BGD,Asia,2010,21.379,6.106,68.638
Bangladesh,BGD,Asia,2011,20.569,6.112,68.809
Bangladesh,BGD,Asia,2012,20.117,5.868,69.554
Bangladesh,BGD,Asia,2013,19.9,5.975,69.565
Bangladesh,BGD,Asia,2014,19.537,5.891,69.986
Bangladesh,BGD,Asia,2015,19.158,5.776,70.491
Bangladesh,BGD,Asia,2016,19.002,5.632,71.09
Bangladesh,BGD,Asia,2017,18.495,5.442,71.788
Bangladesh,BGD,Asia,2018,18.462,5.241,72.567
Bangladesh,BGD,Asia,2019,18.35,5.28,72.806
Barbados,BRB,North America,2010,12.115,9.037,75.712
Barbados,BRB,North America,2011,11.846,8.952,75.917
Barbados,BRB,North America,2012,11.603,8.879,76.099
Barbados,BRB,North America,2013,11.392,8.851,76.275
Barbados,BRB,North America,2014,11.221,8.797,76.476
Barbados,BRB,North America,2015,11.095,8.772,76.65
Barbados,BRB,North America,2016,11.009,8.792,76.815
Barbados,BRB,North America,2017,10.952,8.85,76.936
Barbados,BRB,North America,2018,10.913,8.927,77.067
Barbados,BRB,North America,2019,10.885,8.91,77.257
Belarus,BLR,Europe,2010,11.4,14.5,70.40487805
Belarus,BLR,Europe,2011,11.5,14.3,70.55365854
Belarus,BLR,Europe,2012,12.2,13.4,71.96585366
Belarus,BLR,Europe,2013,12.5,13.2,72.47073171
Belarus,BLR,Europe,2014,12.5,12.8,72.97073171
Belarus,BLR,Europe,2015,12.5,12.6,73.62439024
Belarus,BLR,Europe,2016,12.4,12.6,73.82682927
Belarus,BLR,Europe,2017,10.8,12.6,74.12926829
Belarus,BLR,Europe,2018,9.9,12.7,74.17560976
Belarus,BLR,Europe,2019,9.3,12.8,74.22682927
Belgium,BEL,Europe,2010,11.9,9.7,80.18292683
Belgium,BEL,Europe,2011,11.7,9.4,80.58536585
Belgium,BEL,Europe,2012,11.5,9.8,80.38536585
Belgium,BEL,Europe,2013,11.3,9.8,80.58780488
Belgium,BEL,Europe,2014,11.2,9.3,81.28780488
Belgium,BEL,Europe,2015,10.8,9.8,80.99268293
Belgium,BEL,Europe,2016,10.8,9.5,81.43902439
Belgium,BEL,Europe,2017,10.5,9.6,81.49268293
Belgium,BEL,Europe,2018,10.4,9.7,81.59512195
Belgium,BEL,Europe,2019,10.2,9.5,81.99512195
Belize,BLZ,North America,2010,22.533,4.66,72.272
Belize,BLZ,North America,2011,22.53,4.591,72.651
Belize,BLZ,North America,2012,22.43,4.457,73.245
Belize,BLZ,North America,2013,22.335,4.388,73.666
Belize,BLZ,North America,2014,22.097,4.584,73.311
Belize,BLZ,North America,2015,21.709,4.7,73.187
Belize,BLZ,North America,2016,21.36,4.695,73.399
Belize,BLZ,North America,2017,21.129,4.712,73.562
Belize,BLZ,North America,2018,21.015,4.74,73.703
Belize,BLZ,North America,2019,18.886,4.727,73.931
Benin,BEN,Africa,2010,39.332,10.461,58.363
Benin,BEN,Africa,2011,39.202,10.372,58.462
Benin,BEN,Africa,2012,39.122,10.224,58.716
Benin,BEN,Africa,2013,39.129,10.085,58.965
Benin,BEN,Africa,2014,39.192,9.996,59.125
Benin,BEN,Africa,2015,39.022,9.857,59.377
Benin,BEN,Africa,2016,38.934,9.761,59.539
Benin,BEN,Africa,2017,38.678,9.592,59.856
Benin,BEN,Africa,2018,38.186,9.428,60.14
Benin,BEN,Africa,2019,37.675,9.248,60.454
Bermuda,BMU,North America,2010,12.0,7.4,80.499
Bermuda,BMU,North America,2011,10.6,6.8,81.403
Bermuda,BMU,North America,2012,10.4,6.8,81.272
Bermuda,BMU,North America,2013,10.5,7.6,79.992
Bermuda,BMU,North America,2014,9.3,7.8,79.518
Bermuda,BMU,North America,2015,9.4,7.7,80.918
Bermuda,BMU,North America,2016,9.3,7.7,80.608
Bermuda,BMU,North America,2017,9.0,7.5,82.351
Bermuda,BMU,North America,2018,8.3,8.3,80.825
Bermuda,BMU,North America,2019,8.2,8.4,81.033
Bhutan,BTN,Asia,2010,19.541,6.808,68.43
Bhutan,BTN,Asia,2011,18.994,6.737,68.881
Bhutan,BTN,Asia,2012,18.541,6.689,69.326
Bhutan,BTN,Asia,2013,18.218,6.683,69.707
Bhutan,BTN,Asia,2014,17.743,6.705,70.049
Bhutan,BTN,Asia,2015,17.152,6.759,70.343
Bhutan,BTN,Asia,2016,16.076,6.837,70.602
Bhutan,BTN,Asia,2017,14.912,6.94,70.847
Bhutan,BTN,Asia,2018,13.789,6.766,71.129
Bhutan,BTN,Asia,2019,12.871,6.626,71.391
Bolivia,BOL,South America,2010,25.749,7.66,66.162
Bolivia,BOL,South America,2011,25.338,7.496,66.534
Bolivia,BOL,South America,2012,24.934,7.433,66.705
Bolivia,BOL,South America,2013,24.541,7.306,67.021
Bolivia,BOL,South America,2014,24.14,7.262,67.163
Bolivia,BOL,South America,2015,23.74,7.216,67.318
Bolivia,BOL,South America,2016,23.355,7.104,67.628
Bolivia,BOL,South America,2017,22.986,7.107,67.701
Bolivia,BOL,South America,2018,22.634,7.124,67.748
Bolivia,BOL,South America,2019,22.323,7.127,67.841
Bosnia and Herz.,BIH,Europe,2010,9.492,9.499,77.073
Bosnia and Herz.,BIH,Europe,2011,8.878,9.851,77.007
Bosnia and Herz.,BIH,Europe,2012,9.211,9.888,77.191
Bosnia and Herz.,BIH,Europe,2013,8.949,11.055,76.33
Bosnia and Herz.,BIH,Europe,2014,8.768,12.276,75.659
Bosnia and Herz.,BIH,Europe,2015,8.842,12.011,76.182
Bosnia and Herz.,BIH,Europe,2016,8.953,11.613,76.808
Bosnia and Herz.,BIH,Europe,2017,9.02,11.842,76.935
Bosnia and Herz.,BIH,Europe,2018,9.067,12.056,77.093
Bosnia and Herz.,BIH,Europe,2019,8.819,12.266,77.241
Botswana,BWA,Africa,2010,27.898,8.93,60.013
Botswana,BWA,Africa,2011,27.596,8.738,60.53
Botswana,BWA,Africa,2012,27.407,8.671,60.8
Botswana,BWA,Africa,2013,27.097,8.157,61.996
Botswana,BWA,Africa,2014,26.771,7.927,62.608
Botswana,BWA,Africa,2015,26.409,7.435,63.818
Botswana,BWA,Africa,2016,26.13,6.783,65.464
Botswana,BWA,Africa,2017,25.672,6.308,66.753
Botswana,BWA,Africa,2018,25.328,6.922,65.422
Botswana,BWA,Africa,2019,24.887,6.974,65.464
Brazil,BRA,South America,2010,15.492,6.199,73.182
Brazil,BRA,South America,2011,15.309,6.283,73.343
Brazil,BRA,South America,2012,14.939,6.34,73.552
Brazil,BRA,South America,2013,14.69,6.31,73.918
Brazil,BRA,South America,2014,14.753,6.272,74.306
Brazil,BRA,South America,2015,14.727,6.433,74.332
Brazil,BRA,South America,2016,14.051,6.538,74.442
Brazil,BRA,South America,2017,14.159,6.493,74.827
Brazil,BRA,South America,2018,14.133,6.516,75.109
Brazil,BRA,South America,2019,13.633,6.572,75.338
British Virgin Islands,VGB,North America,2010,9.863,5.377,75.428
British Virgin Islands,VGB,North America,2011,10.242,5.391,75.486
British Virgin Islands,VGB,North America,2012,9.002,5.443,75.532
British Virgin Islands,VGB,North America,2013,8.667,5.481,75.574
British Virgin Islands,VGB,North America,2014,9.643,5.553,75.612
British Virgin Islands,VGB,North America,2015,9.189,5.62,75.675
British Virgin Islands,VGB,North America,2016,7.724,5.718,75.724
British Virgin Islands,VGB,North America,2017,6.847,6.143,74.785
British Virgin Islands,VGB,North America,2018,7.114,5.988,75.831
British Virgin Islands,VGB,North America,2019,7.29,6.156,75.863
Brunei,BRN,Asia,2010,17.128,3.751,74.849
Brunei,BRN,Asia,2011,17.344,3.813,74.858
Brunei,BRN,Asia,2012,17.334,3.926,74.827
Brunei,BRN,Asia,2013,17.203,4.043,74.799
Brunei,BRN,Asia,2014,16.942,4.162,74.779
Brunei,BRN,Asia,2015,16.546,4.29,74.75
Brunei,BRN,Asia,2016,16.054,4.42,74.733
Brunei,BRN,Asia,2017,15.544,4.556,74.722
Brunei,BRN,Asia,2018,15.05,4.7,74.712
Brunei,BRN,Asia,2019,14.585,4.834,74.748
Bulgaria,BGR,Europe,2010,10.2,14.9,73.51219512
Bulgaria,BGR,Europe,2011,9.6,14.7,74.16341463
Bulgaria,BGR,Europe,2012,9.5,15.0,74.31463415
Bulgaria,BGR,Europe,2013,9.2,14.4,74.86097561
Bulgaria,BGR,Europe,2014,9.4,15.1,74.46585366
Bulgaria,BGR,Europe,2015,9.2,15.3,74.61463415
Bulgaria,BGR,Europe,2016,9.1,15.1,74.81219512
Bulgaria,BGR,Europe,2017,9.0,15.5,74.81463415
Bulgaria,BGR,Europe,2018,8.9,15.4,74.96341463
Bulgaria,BGR,Europe,2019,8.8,15.5,75.11219512
Burkina Faso,BFA,Africa,2010,43.206,11.253,56.477
Burkina Faso,BFA,Africa,2011,42.805,10.838,57.125
Burkina Faso,BFA,Africa,2012,42.336,10.507,57.619
Burkina Faso,BFA,Africa,2013,41.71,10.309,57.823
Burkina Faso,BFA,Africa,2014,40.965,9.96,58.359
Burkina Faso,BFA,Africa,2015,40.088,9.634,58.845
Burkina Faso,BFA,Africa,2016,38.977,9.313,59.326
Burkina Faso,BFA,Africa,2017,37.898,9.113,59.536
Burkina Faso,BFA,Africa,2018,37.294,8.809,60.047
Burkina Faso,BFA,Africa,2019,36.689,8.75,60.039
Burundi,BDI,Africa,2010,46.691,10.538,57.081
Burundi,BDI,Africa,2011,45.583,10.094,57.769
Burundi,BDI,Africa,2012,44.413,9.625,58.493
Burundi,BDI,Africa,2013,43.402,9.178,59.235
Burundi,BDI,Africa,2014,42.356,8.798,59.868
Burundi,BDI,Africa,2015,41.321,8.553,60.217
Burundi,BDI,Africa,2016,39.479,8.18,60.793
Burundi,BDI,Africa,2017,38.124,7.772,61.553
Burundi,BDI,Africa,2018,37.011,7.648,61.688
Burundi,BDI,Africa,2019,36.323,7.352,62.351
Cambodia,KHM,Asia,2010,23.669,6.121,67.712
Cambodia,KHM,Asia,2011,23.369,5.947,68.416
Cambodia,KHM,Asia,2012,23.294,5.863,68.915
Cambodia,KHM,Asia,2013,23.035,5.817,69.304
Cambodia,KHM,Asia,2014,22.775,5.756,69.736
Cambodia,KHM,Asia,2015,22.343,5.81,69.873
Cambodia,KHM,Asia,2016,21.864,5.779,70.224
Cambodia,KHM,Asia,2017,21.348,5.775,70.515
Cambodia,KHM,Asia,2018,20.805,5.874,70.561
Cambodia,KHM,Asia,2019,20.28,5.947,70.692
Cameroon,CMR,Africa,2010,39.958,10.992,56.582
Cameroon,CMR,Africa,2011,39.368,10.641,57.133
Cameroon,CMR,Africa,2012,38.76,10.235,57.792
Cameroon,CMR,Africa,2013,38.237,9.833,58.476
Cameroon,CMR,Africa,2014,37.818,9.548,58.935
Cameroon,CMR,Africa,2015,37.807,9.179,59.658
Cameroon,CMR,Africa,2016,37.747,8.886,60.233
Cameroon,CMR,Africa,2017,37.403,8.594,60.81
Cameroon,CMR,Africa,2018,36.716,8.379,61.18
Cameroon,CMR,Africa,2019,36.147,8.16,61.584
Canada,CAN,North America,2010,11.2,7.0,81.32219512
Canada,CAN,North America,2011,11.0,7.1,81.48268293
Canada,CAN,North America,2012,11.0,7.1,81.66365854
Canada,CAN,North America,2013,10.9,7.2,81.74487805
Canada,CAN,North America,2014,10.9,7.3,81.78439024
Canada,CAN,North America,2015,10.7,7.4,81.81560976
Canada,CAN,North America,2016,10.6,7.4,81.92487805
Canada,CAN,North America,2017,10.3,7.5,81.83292683
Canada,CAN,North America,2018,10.1,7.7,81.84390244
Canada,CAN,North America,2019,9.9,7.6,82.22878049
Cape Verde,CPV,Africa,2010,21.565,6.409,73.499
Cape Verde,CPV,Africa,2011,21.727,5.938,74.257
Cape Verde,CPV,Africa,2012,20.233,5.808,74.484
Cape Verde,CPV,Africa,2013,19.649,5.472,75.059
Cape Verde,CPV,Africa,2014,19.539,5.401,75.24
Cape Verde,CPV,Africa,2015,19.181,5.695,74.62
Cape Verde,CPV,Africa,2016,19.289,5.198,75.742
Cape Verde,CPV,Africa,2017,19.006,4.868,76.593
Cape Verde,CPV,Africa,2018,17.821,5.275,75.733
Cape Verde,CPV,Africa,2019,17.463,5.162,76.004
Cayman Islands,CYM,North America,2010,14.8,3.0,82.1902439
Cayman Islands,CYM,North America,2011,14.5,3.2,0.0
Cayman Islands,CYM,North America,2012,13.6,3.3,0.0
Cayman Islands,CYM,North America,2013,12.5,3.2,0.0
Cayman Islands,CYM,North America,2014,12.5,2.9,0.0
Cayman Islands,CYM,North America,2015,11.0,2.9,0.0
Cayman Islands,CYM,North America,2016,10.8,3.1,0.0
Cayman Islands,CYM,North America,2017,9.9,3.4,0.0
Cayman Islands,CYM,North America,2018,9.9,3.3,0.0
Cayman Islands,CYM,North America,2019,9.8,3.9,0.0
Central African Rep.,CAF,Africa,2010,43.237,14.534,49.255
Central African Rep.,CAF,Africa,2011,43.223,14.092,49.948
Central African Rep.,CAF,Africa,2012,43.006,13.622,50.686
Central African Rep.,CAF,Africa,2013,42.414,13.392,50.902
Central African Rep.,CAF,Africa,2014,41.921,13.517,50.566
Central African Rep.,CAF,Africa,2015,41.044,12.15,52.793
Central African Rep.,CAF,Africa,2016,41.209,11.711,53.46
Central African Rep.,CAF,Africa,2017,41.602,11.544,53.721
Central African Rep.,CAF,Africa,2018,41.831,11.23,54.369
Central African Rep.,CAF,Africa,2019,41.92,10.873,55.025
Chad,TCD,Africa,2010,48.764,15.421,49.584
Chad,TCD,Africa,2011,48.357,15.056,50.009
Chad,TCD,Africa,2012,48.019,14.634,50.54
Chad,TCD,Africa,2013,47.46,14.373,50.781
Chad,TCD,Africa,2014,46.998,14.022,51.202
Chad,TCD,Africa,2015,46.367,13.693,51.589
Chad,TCD,Africa,2016,45.456,13.291,52.083
Chad,TCD,Africa,2017,44.811,13.043,52.308
Chad,TCD,Africa,2018,44.37,12.671,52.825
Chad,TCD,Africa,2019,44.229,12.369,53.259
Chile,CHL,South America,2010,14.327,5.962,78.501
Chile,CHL,South America,2011,14.109,5.805,79.11
Chile,CHL,South America,2012,13.857,6.074,79.023
Chile,CHL,South America,2013,13.697,6.037,79.339
Chile,CHL,South America,2014,13.545,6.12,79.473
Chile,CHL,South America,2015,13.211,6.121,79.746
Chile,CHL,South America,2016,12.7,6.107,80.079
Chile,CHL,South America,2017,12.13,6.139,80.35
Chile,CHL,South America,2018,11.94,6.327,80.133
Chile,CHL,South America,2019,11.855,6.346,80.326
China,CHN,Asia,2010,11.9,7.11,75.599
China,CHN,Asia,2011,13.27,7.14,75.903
China,CHN,Asia,2012,14.57,7.13,76.192
China,CHN,Asia,2013,13.03,7.13,76.452
China,CHN,Asia,2014,13.83,7.12,76.717
China,CHN,Asia,2015,11.99,7.07,76.977
China,CHN,Asia,2016,13.57,7.04,77.218
China,CHN,Asia,2017,12.64,7.06,77.248
China,CHN,Asia,2018,10.86,7.08,77.744
China,CHN,Asia,2019,10.41,7.09,77.968
Colombia,COL,South America,2010,16.909,4.924,75.033
Colombia,COL,South America,2011,16.609,4.945,75.32
Colombia,COL,South America,2012,16.344,4.982,75.597
Colombia,COL,South America,2013,16.088,5.041,75.827
Colombia,COL,South America,2014,15.834,5.106,76.043
Colombia,COL,South America,2015,15.585,5.168,76.257
Colombia,COL,South America,2016,15.353,5.213,76.471
Colombia,COL,South America,2017,15.081,5.249,76.646
Colombia,COL,South America,2018,14.841,5.311,76.748
Colombia,COL,South America,2019,14.682,5.411,76.752
Comoros,COM,Africa,2010,33.924,9.457,61.123
Comoros,COM,Africa,2011,33.841,9.313,61.503
Comoros,COM,Africa,2012,33.408,9.175,61.834
Comoros,COM,Africa,2013,32.996,8.999,62.224
Comoros,COM,Africa,2014,32.594,8.865,62.516
Comoros,COM,Africa,2015,32.147,8.685,62.896
Comoros,COM,Africa,2016,31.756,8.516,63.237
Comoros,COM,Africa,2017,31.33,8.326,63.625
Comoros,COM,Africa,2018,30.859,8.235,63.912
Comoros,COM,Africa,2019,30.4,8.203,64.068
Congo,COG,Africa,2010,38.858,8.123,61.683
Congo,COG,Africa,2011,38.232,7.942,61.992
Congo,COG,Africa,2012,37.508,7.753,62.317
Congo,COG,Africa,2013,36.498,7.532,62.695
Congo,COG,Africa,2014,35.527,7.358,62.95
Congo,COG,Africa,2015,34.648,7.196,63.233
Congo,COG,Africa,2016,33.706,7.02,63.577
Congo,COG,Africa,2017,33.025,6.924,63.76
Congo,COG,Africa,2018,32.337,6.797,64.053
Congo,COG,Africa,2019,31.676,7.388,62.747
Costa Rica,CRI,North America,2010,16.04,4.552,78.67
Costa Rica,CRI,North America,2011,15.772,4.379,79.348
Costa Rica,CRI,North America,2012,15.483,4.541,79.283
Costa Rica,CRI,North America,2013,15.093,4.62,79.403
Costa Rica,CRI,North America,2014,14.852,5.059,78.774
Costa Rica,CRI,North America,2015,14.522,5.034,79.086
Costa Rica,CRI,North America,2016,14.145,4.986,79.459
Costa Rica,CRI,North America,2017,13.926,5.18,79.377
Costa Rica,CRI,North America,2018,13.562,5.276,79.484
Costa Rica,CRI,North America,2019,12.847,5.468,79.427
Croatia,HRV,Europe,2010,9.8,11.8,76.47560976
Croatia,HRV,Europe,2011,9.6,11.9,76.77560976
Croatia,HRV,Europe,2012,9.8,12.1,76.92439024
Croatia,HRV,Europe,2013,9.4,11.8,77.12682927
Croatia,HRV,Europe,2014,9.3,12.0,77.47804878
Croatia,HRV,Europe,2015,8.9,12.9,77.27560976
Croatia,HRV,Europe,2016,9.0,12.3,78.02195122
Croatia,HRV,Europe,2017,8.9,13.0,77.82682927
Croatia,HRV,Europe,2018,9.0,12.9,78.07073171
Croatia,HRV,Europe,2019,8.9,12.7,78.42439024
Cuba,CUB,North America,2010,11.417,8.297,77.661
Cuba,CUB,North America,2011,11.76,8.421,77.76
Cuba,CUB,North America,2012,11.191,8.571,77.833
Cuba,CUB,North America,2013,11.122,8.672,77.87
Cuba,CUB,North America,2014,10.86,8.833,77.853
Cuba,CUB,North America,2015,10.972,9.063,77.772
Cuba,CUB,North America,2016,10.351,9.348,77.643
Cuba,CUB,North America,2017,10.182,9.622,77.529
Cuba,CUB,North America,2018,10.348,9.815,77.496
Cuba,CUB,North America,2019,9.752,9.861,77.611
Curacao,CUW,North America,2010,13.6,8.4,0.0
Curacao,CUW,North America,2011,13.1,8.5,77.47317073
Curacao,CUW,North America,2012,13.4,8.2,77.52439024
Curacao,CUW,North America,2013,12.7,8.1,77.82682927
Curacao,CUW,North America,2014,12.6,8.8,77.97560976
Curacao,CUW,North America,2015,11.9,8.8,78.07560976
Curacao,CUW,North America,2016,11.2,9.3,77.7195122
Curacao,CUW,North America,2017,9.7,8.9,78.01707317
Curacao,CUW,North America,2018,10.5,8.8,0.0
Curacao,CUW,North America,2019,10.1,8.8,0.0
Cyprus,CYP,Europe,2010,12.045,6.412,79.665
Cyprus,CYP,Europe,2011,11.507,6.354,79.999
Cyprus,CYP,Europe,2012,11.762,6.439,80.109
Cyprus,CYP,Europe,2013,11.088,6.399,80.402
Cyprus,CYP,Europe,2014,11.163,6.317,80.771
Cyprus,CYP,Europe,2015,11.208,6.358,80.966
Cyprus,CYP,Europe,2016,11.419,6.462,81.056
Cyprus,CYP,Europe,2017,10.994,6.453,81.328
Cyprus,CYP,Europe,2018,10.843,6.612,81.382
Cyprus,CYP,Europe,2019,10.794,6.769,81.397
Czech Republic,CZE,Europe,2010,11.2,10.2,77.42439024
Czech Republic,CZE,Europe,2011,10.4,10.2,77.87317073
Czech Republic,CZE,Europe,2012,10.3,10.3,78.07560976
Czech Republic,CZE,Europe,2013,10.2,10.4,78.17560976
Czech Republic,CZE,Europe,2014,10.4,10.0,78.82439024
Czech Republic,CZE,Europe,2015,10.5,10.5,78.57804878
Czech Republic,CZE,Europe,2016,10.7,10.2,79.02682927
Czech Republic,CZE,Europe,2017,10.8,10.5,78.97804878
Czech Republic,CZE,Europe,2018,10.7,10.6,79.02926829
Czech Republic,CZE,Europe,2019,10.5,10.5,79.22926829
Dem. Rep. Congo,COD,Africa,2010,44.526,11.653,56.417
Dem. Rep. Congo,COD,Africa,2011,44.701,11.301,57.069
Dem. Rep. Congo,COD,Africa,2012,44.646,11.166,57.248
Dem. Rep. Congo,COD,Africa,2013,44.229,10.857,57.762
Dem. Rep. Congo,COD,Africa,2014,43.992,10.551,58.296
Dem. Rep. Congo,COD,Africa,2015,43.641,10.396,58.49
Dem. Rep. Congo,COD,Africa,2016,43.411,10.077,59.066
Dem. Rep. Congo,COD,Africa,2017,43.251,9.865,59.411
Dem. Rep. Congo,COD,Africa,2018,42.989,9.573,59.942
Dem. Rep. Congo,COD,Africa,2019,42.656,9.38,60.276
Denmark,DNK,Europe,2010,11.4,9.8,79.1
Denmark,DNK,Europe,2011,10.6,9.4,79.8
Denmark,DNK,Europe,2012,10.4,9.4,80.05121951
Denmark,DNK,Europe,2013,10.0,9.3,80.3
Denmark,DNK,Europe,2014,10.1,9.1,80.7
Denmark,DNK,Europe,2015,10.2,9.2,80.70243902
Denmark,DNK,Europe,2016,10.8,9.2,80.85365854
Denmark,DNK,Europe,2017,10.6,9.2,81.10243902
Denmark,DNK,Europe,2018,10.6,9.5,80.95365854
Denmark,DNK,Europe,2019,10.5,9.3,81.45121951
Djibouti,DJI,Africa,2010,26.118,9.11,60.259
Djibouti,DJI,Africa,2011,25.521,9.07,60.433
Djibouti,DJI,Africa,2012,25.06,8.924,60.848
Djibouti,DJI,Africa,2013,24.66,8.807,61.221
Djibouti,DJI,Africa,2014,24.207,8.672,61.641
Djibouti,DJI,Africa,2015,23.889,8.598,61.957
Djibouti,DJI,Africa,2016,23.516,8.568,62.191
Djibouti,DJI,Africa,2017,23.276,8.37,62.797
Djibouti,DJI,Africa,2018,22.982,8.347,63.038
Djibouti,DJI,Africa,2019,22.748,8.421,63.085
Dominica,DMA,North America,2010,14.009,11.573,71.55
Dominica,DMA,North America,2011,13.679,12.998,69.695
Dominica,DMA,North America,2012,13.516,12.186,70.538
Dominica,DMA,North America,2013,13.369,12.569,68.896
Dominica,DMA,North America,2014,13.092,12.401,69.434
Dominica,DMA,North America,2015,13.447,10.93,68.727
Dominica,DMA,North America,2016,13.167,10.714,70.128
Dominica,DMA,North America,2017,13.13,11.455,67.525
Dominica,DMA,North America,2018,13.191,8.417,73.59
Dominica,DMA,North America,2019,13.272,8.369,73.559
Dominican Rep.,DOM,North America,2010,22.038,5.821,72.093
Dominican Rep.,DOM,North America,2011,21.792,5.84,72.221
Dominican Rep.,DOM,North America,2012,21.454,5.802,72.514
Dominican Rep.,DOM,North America,2013,21.166,5.803,72.713
Dominican Rep.,DOM,North America,2014,20.867,5.827,72.867
Dominican Rep.,DOM,North America,2015,20.596,5.883,72.953
Dominican Rep.,DOM,North America,2016,20.258,5.964,72.987
Dominican Rep.,DOM,North America,2017,19.993,6.032,73.063
Dominican Rep.,DOM,North America,2018,19.762,6.06,73.232
Dominican Rep.,DOM,North America,2019,19.291,6.006,73.577
Ecuador,ECU,South America,2010,21.892,4.852,75.43
Ecuador,ECU,South America,2011,21.702,4.826,75.743
Ecuador,ECU,South America,2012,21.004,4.793,76.062
Ecuador,ECU,South America,2013,20.1,4.762,76.369
Ecuador,ECU,South America,2014,19.339,4.752,76.622
Ecuador,ECU,South America,2015,18.74,4.773,76.789
Ecuador,ECU,South America,2016,18.224,4.86,76.763
Ecuador,ECU,South America,2017,17.996,4.872,76.972
Ecuador,ECU,South America,2018,17.658,4.911,77.094
Ecuador,ECU,South America,2019,17.338,4.913,77.297
Egypt,EGY,Africa,2010,27.16,6.018,69.664
Egypt,EGY,Africa,2011,27.379,5.956,69.88
Egypt,EGY,Africa,2012,27.978,5.91,70.085
Egypt,EGY,Africa,2013,28.455,5.964,70.052
Egypt,EGY,Africa,2014,28.416,5.823,70.415
Egypt,EGY,Africa,2015,28.078,5.823,70.483
Egypt,EGY,Africa,2016,25.913,5.662,70.844
Egypt,EGY,Africa,2017,25.231,5.482,71.302
Egypt,EGY,Africa,2018,24.562,5.511,71.367
Egypt,EGY,Africa,2019,23.568,5.581,71.358
El Salvador,SLV,North America,2010,19.428,6.758,71.848
El Salvador,SLV,North America,2011,19.372,6.892,71.859
El Salvador,SLV,North America,2012,19.151,7.038,71.831
El Salvador,SLV,North America,2013,18.969,7.149,71.771
El Salvador,SLV,North America,2014,18.809,7.168,71.746
El Salvador,SLV,North America,2015,18.406,7.07,71.814
El Salvador,SLV,North America,2016,17.566,6.925,72.025
El Salvador,SLV,North America,2017,16.974,6.857,72.311
El Salvador,SLV,North America,2018,16.536,6.938,72.555
El Salvador,SLV,North America,2019,16.416,7.451,72.559
Eq. Guinea,GNQ,Africa,2010,38.674,11.214,57.878
Eq. Guinea,GNQ,Africa,2011,38.06,10.979,58.412
Eq. Guinea,GNQ,Africa,2012,37.458,10.557,58.865
Eq. Guinea,GNQ,Africa,2013,36.803,10.26,59.224
Eq. Guinea,GNQ,Africa,2014,36.047,9.965,59.595
Eq. Guinea,GNQ,Africa,2015,35.229,9.616,60.103
Eq. Guinea,GNQ,Africa,2016,34.392,9.345,60.479
Eq. Guinea,GNQ,Africa,2017,33.507,9.096,60.821
Eq. Guinea,GNQ,Africa,2018,32.667,8.85,61.191
Eq. Guinea,GNQ,Africa,2019,31.874,8.582,61.644
Eritrea,ERI,Africa,2010,33.692,7.492,63.787
Eritrea,ERI,Africa,2011,33.114,7.249,64.402
Eritrea,ERI,Africa,2012,32.424,7.08,64.838
Eritrea,ERI,Africa,2013,31.719,6.998,65.067
Eritrea,ERI,Africa,2014,31.214,6.806,65.6
Eritrea,ERI,Africa,2015,30.417,6.654,66.033
Eritrea,ERI,Africa,2016,29.91,6.58,66.289
Eritrea,ERI,Africa,2017,29.421,6.504,66.577
Eritrea,ERI,Africa,2018,29.105,6.353,67.067
Eritrea,ERI,Africa,2019,28.941,6.309,67.3
Estonia,EST,Europe,2010,11.9,11.9,75.42926829
Estonia,EST,Europe,2011,11.1,11.5,76.22926829
Estonia,EST,Europe,2012,10.6,11.7,76.32682927
Estonia,EST,Europe,2013,10.3,11.6,77.14146341
Estonia,EST,Europe,2014,10.3,11.8,77.03414634
Estonia,EST,Europe,2015,10.6,11.6,77.5902439
Estonia,EST,Europe,2016,10.7,11.7,77.64146341
Estonia,EST,Europe,2017,10.5,11.8,78.09268293
Estonia,EST,Europe,2018,10.9,11.9,78.24390244
Estonia,EST,Europe,2019,10.6,11.6,78.64634146
Ethiopia,ETH,Africa,2010,36.528,9.001,59.73
Ethiopia,ETH,Africa,2011,35.846,8.52,60.721
Ethiopia,ETH,Africa,2012,34.845,8.119,61.543
Ethiopia,ETH,Africa,2013,33.938,7.734,62.373
Ethiopia,ETH,Africa,2014,33.554,7.502,62.905
Ethiopia,ETH,Africa,2015,33.428,7.208,63.649
Ethiopia,ETH,Africa,2016,33.315,6.93,64.392
Ethiopia,ETH,Africa,2017,33.059,6.767,64.838
Ethiopia,ETH,Africa,2018,32.996,6.569,65.412
Ethiopia,ETH,Africa,2019,33.123,6.439,65.838
Faroe Islands,FRO,Europe,2010,13.2,7.2,80.63658537
Faroe Islands,FRO,Europe,2011,12.0,8.0,80.93902439
Faroe Islands,FRO,Europe,2012,12.9,8.5,81.1902439
Faroe Islands,FRO,Europe,2013,13.0,7.6,81.44146341
Faroe Islands,FRO,Europe,2014,13.2,8.1,81.59268293
Faroe Islands,FRO,Europe,2015,12.4,7.7,81.79268293
Faroe Islands,FRO,Europe,2016,13.6,7.7,82.04390244
Faroe Islands,FRO,Europe,2017,13.1,8.9,82.34390244
Faroe Islands,FRO,Europe,2018,13.4,7.7,82.59512195
Faroe Islands,FRO,Europe,2019,13.2,8.0,82.94634146
Fiji,FJI,Oceania,2010,22.664,7.113,67.328
Fiji,FJI,Oceania,2011,22.126,7.114,67.523
Fiji,FJI,Oceania,2012,21.925,7.212,67.552
Fiji,FJI,Oceania,2013,21.835,7.424,67.428
Fiji,FJI,Oceania,2014,21.683,7.584,67.376
Fiji,FJI,Oceania,2015,21.45,8.05,66.844
Fiji,FJI,Oceania,2016,21.05,7.885,67.24
Fiji,FJI,Oceania,2017,20.55,7.703,67.79
Fiji,FJI,Oceania,2018,20.187,7.832,67.81
Fiji,FJI,Oceania,2019,19.962,7.941,67.893
Finland,FIN,Europe,2010,11.4,9.5,79.87073171
Finland,FIN,Europe,2011,11.1,9.4,80.47073171
Finland,FIN,Europe,2012,11.0,9.6,80.62682927
Finland,FIN,Europe,2013,10.7,9.5,80.97560976
Finland,FIN,Europe,2014,10.5,9.6,81.1804878
Finland,FIN,Europe,2015,10.1,9.6,81.4804878
Finland,FIN,Europe,2016,9.6,9.8,81.42926829
Finland,FIN,Europe,2017,9.1,9.8,81.63170732
Finland,FIN,Europe,2018,8.6,9.9,81.73414634
Finland,FIN,Europe,2019,8.3,9.8,81.98292683
France,FRA,Europe,2010,12.9,8.5,81.66341463
France,FRA,Europe,2011,12.7,8.4,82.11463415
France,FRA,Europe,2012,12.6,8.7,81.96829268
France,FRA,Europe,2013,12.4,8.7,82.2195122
France,FRA,Europe,2014,12.4,8.4,82.7195122
France,FRA,Europe,2015,12.0,8.9,82.32195122
France,FRA,Europe,2016,11.8,8.9,82.57317073
France,FRA,Europe,2017,11.5,9.1,82.57560976
France,FRA,Europe,2018,11.3,9.1,82.67560976
France,FRA,Europe,2019,11.2,9.1,82.82682927
French Polynesia,PYF,Oceania,2010,17.38,2.84,81.039
French Polynesia,PYF,Oceania,2011,16.605,2.832,81.429
French Polynesia,PYF,Oceania,2012,16.231,2.848,81.759
French Polynesia,PYF,Oceania,2013,15.576,2.887,82.017
French Polynesia,PYF,Oceania,2014,15.58,2.952,82.214
French Polynesia,PYF,Oceania,2015,15.037,3.037,82.354
French Polynesia,PYF,Oceania,2016,14.508,3.126,82.488
French Polynesia,PYF,Oceania,2017,14.015,3.219,82.618
French Polynesia,PYF,Oceania,2018,13.777,3.31,82.783
French Polynesia,PYF,Oceania,2019,13.088,3.391,82.996
Gabon,GAB,Africa,2010,33.177,8.284,63.898
Gabon,GAB,Africa,2011,33.223,8.184,64.045
Gabon,GAB,Africa,2012,32.718,7.914,64.587
Gabon,GAB,Africa,2013,32.182,7.786,64.776
Gabon,GAB,Africa,2014,31.622,7.659,64.974
Gabon,GAB,Africa,2015,31.036,7.418,65.46
Gabon,GAB,Africa,2016,30.362,7.238,65.802
Gabon,GAB,Africa,2017,29.713,7.054,66.189
Gabon,GAB,Africa,2018,29.004,6.986,66.306
Gabon,GAB,Africa,2019,28.354,6.856,66.603
Gambia,GMB,Africa,2010,41.084,8.941,60.717
Gambia,GMB,Africa,2011,40.69,8.501,61.526
Gambia,GMB,Africa,2012,40.136,8.174,62.096
Gambia,GMB,Africa,2013,39.398,8.073,62.114
Gambia,GMB,Africa,2014,38.486,7.916,62.269
Gambia,GMB,Africa,2015,37.576,7.74,62.494
Gambia,GMB,Africa,2016,36.59,7.454,63.013
Gambia,GMB,Africa,2017,35.743,7.396,62.995
Gambia,GMB,Africa,2018,34.924,7.323,63.04
Gambia,GMB,Africa,2019,34.281,6.999,63.755
Georgia,GEO,Asia,2010,15.109,12.347,72.128
Georgia,GEO,Asia,2011,14.937,12.418,72.39
Georgia,GEO,Asia,2012,14.842,12.691,72.412
Georgia,GEO,Asia,2013,15.102,12.783,72.628
Georgia,GEO,Asia,2014,15.442,12.576,73.099
Georgia,GEO,Asia,2015,15.79,12.531,73.297
Georgia,GEO,Asia,2016,15.471,12.411,73.569
Georgia,GEO,Asia,2017,14.856,12.603,73.57
Georgia,GEO,Asia,2018,14.395,12.963,73.341
Georgia,GEO,Asia,2019,13.451,12.88,73.47
Germany,DEU,Europe,2010,8.3,10.5,79.98780488
Germany,DEU,Europe,2011,8.3,10.6,80.43658537
Germany,DEU,Europe,2012,8.4,10.8,80.53902439
Germany,DEU,Europe,2013,8.5,11.1,80.4902439
Germany,DEU,Europe,2014,8.8,10.7,81.0902439
Germany,DEU,Europe,2015,9.0,11.3,80.64146341
Germany,DEU,Europe,2016,9.6,11.1,80.9902439
Germany,DEU,Europe,2017,9.5,11.3,80.99268293
Germany,DEU,Europe,2018,9.5,11.5,80.89268293
Germany,DEU,Europe,2019,9.4,11.3,81.29268293
Ghana,GHA,Africa,2010,33.004,8.626,61.157
Ghana,GHA,Africa,2011,32.957,8.417,61.652
Ghana,GHA,Africa,2012,32.885,8.238,62.081
Ghana,GHA,Africa,2013,32.535,8.092,62.42
Ghana,GHA,Africa,2014,31.834,7.817,63.045
Ghana,GHA,Africa,2015,31.713,7.773,63.175
Ghana,GHA,Africa,2016,30.527,7.46,63.89
Ghana,GHA,Africa,2017,28.978,7.39,64.013
Ghana,GHA,Africa,2018,29.025,7.373,64.122
Ghana,GHA,Africa,2019,28.572,7.143,64.74
Gibraltar,GIB,Europe,2010,11.959,7.678,80.958
Gibraltar,GIB,Europe,2011,12.096,7.123,81.871
Gibraltar,GIB,Europe,2012,12.14,6.327,83.366
Gibraltar,GIB,Europe,2013,11.731,8.041,80.55
Gibraltar,GIB,Europe,2014,12.706,7.395,81.882
Gibraltar,GIB,Europe,2015,13.604,8.606,80.427
Gibraltar,GIB,Europe,2016,11.916,8.032,81.702
Gibraltar,GIB,Europe,2017,11.482,8.182,81.83
Gibraltar,GIB,Europe,2018,11.242,8.191,82.154
Gibraltar,GIB,Europe,2019,11.015,8.283,82.363
Greece,GRC,Europe,2010,10.3,9.8,80.38780488
Greece,GRC,Europe,2011,9.6,10.0,80.73170732
Greece,GRC,Europe,2012,9.1,10.6,80.63414634
Greece,GRC,Europe,2013,8.6,10.2,81.28536585
Greece,GRC,Europe,2014,8.5,10.4,81.38536585
Greece,GRC,Europe,2015,8.5,11.2,81.03658537
Greece,GRC,Europe,2016,8.6,11.0,81.38780488
Greece,GRC,Europe,2017,8.2,11.6,81.28780488
Greece,GRC,Europe,2018,8.1,11.2,81.78780488
Greece,GRC,Europe,2019,7.8,11.7,81.63902439
Greenland,GRL,North America,2010,15.3,9.0,70.29195122
Greenland,GRL,North America,2011,14.4,8.4,69.82487805
Greenland,GRL,North America,2012,13.9,8.0,70.55
Greenland,GRL,North America,2013,14.5,7.9,71.57341463
Greenland,GRL,North America,2014,14.3,8.2,71.98560976
Greenland,GRL,North America,2015,15.2,8.4,71.97731707
Greenland,GRL,North America,2016,14.8,8.7,71.82512195
Greenland,GRL,North America,2017,15.2,8.9,71.64121951
Greenland,GRL,North America,2018,14.6,8.7,71.88658537
Greenland,GRL,North America,2019,15.1,9.8,72.04365854
Grenada,GRD,North America,2010,17.927,7.058,74.999
Grenada,GRD,North America,2011,17.918,7.021,75.295
Grenada,GRD,North America,2012,17.897,7.281,75.042
Grenada,GRD,North America,2013,17.836,7.335,75.116
Grenada,GRD,North America,2014,17.743,7.502,74.985
Grenada,GRD,North America,2015,17.605,7.572,75.013
Grenada,GRD,North America,2016,17.419,7.82,74.762
Grenada,GRD,North America,2017,17.191,7.9,74.765
Grenada,GRD,North America,2018,16.92,7.956,74.808
Grenada,GRD,North America,2019,16.617,8.008,74.863
Guam,GUM,Oceania,2010,21.169,4.947,76.879
Guam,GUM,Oceania,2011,20.088,5.122,76.872
Guam,GUM,Oceania,2012,21.422,5.368,76.707
Guam,GUM,Oceania,2013,19.469,5.537,76.72
Guam,GUM,Oceania,2014,19.615,5.71,76.749
Guam,GUM,Oceania,2015,19.15,5.958,76.616
Guam,GUM,Oceania,2016,19.123,6.046,76.877
Guam,GUM,Oceania,2017,17.997,6.127,77.155
Guam,GUM,Oceania,2018,17.02,6.21,77.439
Guam,GUM,Oceania,2019,16.624,6.304,77.717
Guatemala,GTM,North America,2010,27.525,5.296,70.878
Guatemala,GTM,North America,2011,27.198,5.233,71.177
Guatemala,GTM,North America,2012,26.91,5.171,71.463
Guatemala,GTM,North America,2013,26.336,5.112,71.728
Guatemala,GTM,North America,2014,26.077,5.071,71.964
Guatemala,GTM,North America,2015,25.834,5.071,72.103
Guatemala,GTM,North America,2016,25.541,5.038,72.355
Guatemala,GTM,North America,2017,24.791,5.015,72.551
Guatemala,GTM,North America,2018,23.929,4.995,72.726
Guatemala,GTM,North America,2019,22.858,4.892,73.129
Guinea,GIN,Africa,2010,39.369,11.669,56.72
Guinea,GIN,Africa,2011,38.902,11.451,57.019
Guinea,GIN,Africa,2012,38.44,11.193,57.406
Guinea,GIN,Africa,2013,38.134,10.947,57.791
Guinea,GIN,Africa,2014,37.891,10.856,57.886
Guinea,GIN,Africa,2015,37.891,10.702,58.134
Guinea,GIN,Africa,2016,37.396,10.352,58.763
Guinea,GIN,Africa,2017,36.625,10.121,59.109
Guinea,GIN,Africa,2018,35.931,9.94,59.349
Guinea,GIN,Africa,2019,35.436,9.712,59.72
Guinea-Bissau,GNB,Africa,2010,38.427,11.035,56.23
Guinea-Bissau,GNB,Africa,2011,38.303,10.579,56.967
Guinea-Bissau,GNB,Africa,2012,37.945,10.155,57.69
Guinea-Bissau,GNB,Africa,2013,37.46,9.819,58.232
Guinea-Bissau,GNB,Africa,2014,36.472,9.549,58.61
Guinea-Bissau,GNB,Africa,2015,35.519,9.223,59.128
Guinea-Bissau,GNB,Africa,2016,34.502,8.898,59.674
Guinea-Bissau,GNB,Africa,2017,33.285,8.642,60.066
Guinea-Bissau,GNB,Africa,2018,32.657,8.401,60.502
Guinea-Bissau,GNB,Africa,2019,32.093,8.206,60.882
Guyana,GUY,South America,2010,21.705,7.399,66.743
Guyana,GUY,South America,2011,21.621,7.455,66.982
Guyana,GUY,South America,2012,21.544,7.513,67.23
Guyana,GUY,South America,2013,21.502,7.538,67.473
Guyana,GUY,South America,2014,21.423,7.459,67.882
Guyana,GUY,South America,2015,21.31,7.431,68.201
Guyana,GUY,South America,2016,21.139,7.475,68.384
Guyana,GUY,South America,2017,20.958,7.472,68.667
Guyana,GUY,South America,2018,20.77,7.499,68.896
Guyana,GUY,South America,2019,20.828,7.444,69.124
Haiti,HTI,North America,2010,27.527,17.738,46.019
Haiti,HTI,North America,2011,27.203,8.762,61.623
Haiti,HTI,North America,2012,26.595,8.486,62.291
Haiti,HTI,North America,2013,26.09,8.376,62.605
Haiti,HTI,North America,2014,25.771,8.243,62.987
Haiti,HTI,North America,2015,25.51,8.181,63.237
Haiti,HTI,North America,2016,25.254,8.161,63.392
Haiti,HTI,North America,2017,24.98,8.014,63.854
Haiti,HTI,North America,2018,24.579,7.998,64.019
Haiti,HTI,North America,2019,24.304,7.953,64.255
Honduras,HND,North America,2010,25.392,4.348,71.088
Honduras,HND,North America,2011,24.717,4.271,71.439
Honduras,HND,North America,2012,24.111,4.221,71.734
Honduras,HND,North America,2013,23.569,4.198,71.963
Honduras,HND,North America,2014,23.123,4.16,72.259
Honduras,HND,North America,2015,22.751,4.147,72.487
Honduras,HND,North America,2016,22.44,4.183,72.588
Honduras,HND,North America,2017,22.16,4.221,72.692
Honduras,HND,North America,2018,21.895,4.257,72.814
Honduras,HND,North America,2019,21.628,4.315,72.881
Hong Kong,HKG,Asia,2010,12.6,6.0,82.97804878
Hong Kong,HKG,Asia,2011,13.5,6.0,83.42195122
Hong Kong,HKG,Asia,2012,12.8,6.1,83.4804878
Hong Kong,HKG,Asia,2013,8.0,6.0,83.83170732
Hong Kong,HKG,Asia,2014,8.6,6.2,83.9804878
Hong Kong,HKG,Asia,2015,8.2,6.3,84.27804878
Hong Kong,HKG,Asia,2016,8.3,6.4,84.22682927
Hong Kong,HKG,Asia,2017,7.6,6.3,84.6804878
Hong Kong,HKG,Asia,2018,7.2,6.4,84.93414634
Hong Kong,HKG,Asia,2019,7.0,6.5,85.1804878
Hungary,HUN,Europe,2010,9.0,13.0,74.20731707
Hungary,HUN,Europe,2011,8.8,12.9,74.85853659
Hungary,HUN,Europe,2012,9.1,13.0,75.06341463
Hungary,HUN,Europe,2013,9.0,12.8,75.56585366
Hungary,HUN,Europe,2014,9.5,12.8,75.76341463
Hungary,HUN,Europe,2015,9.4,13.4,75.56829268
Hungary,HUN,Europe,2016,9.7,13.0,76.06341463
Hungary,HUN,Europe,2017,9.7,13.5,75.81707317
Hungary,HUN,Europe,2018,9.6,13.4,76.06585366
Hungary,HUN,Europe,2019,9.5,13.3,76.3195122
Iceland,ISL,Europe,2010,15.4,6.4,81.89756098
Iceland,ISL,Europe,2011,14.1,6.2,82.35853659
Iceland,ISL,Europe,2012,14.1,6.1,82.91707317
Iceland,ISL,Europe,2013,13.4,6.7,82.06097561
Iceland,ISL,Europe,2014,13.4,6.3,82.86097561
Iceland,ISL,Europe,2015,12.5,6.6,82.46829268
Iceland,ISL,Europe,2016,12.0,6.9,82.20487805
Iceland,ISL,Europe,2017,11.9,6.5,82.66097561
Iceland,ISL,Europe,2018,12.0,6.4,82.86097561
Iceland,ISL,Europe,2019,12.3,6.3,83.16341463
India,IND,Asia,2010,21.438,7.385,66.909
India,IND,Asia,2011,20.945,7.267,67.359
India,IND,Asia,2012,20.421,7.118,67.887
India,IND,Asia,2013,19.935,6.96,68.46
India,IND,Asia,2014,19.049,6.79,69.074
India,IND,Asia,2015,18.765,6.67,69.636
India,IND,Asia,2016,18.514,6.603,70.117
India,IND,Asia,2017,17.911,6.593,70.467
India,IND,Asia,2018,17.651,6.644,70.71
India,IND,Asia,2019,17.049,6.71,70.91
Indonesia,IDN,Asia,2010,20.158,7.406,68.679
Indonesia,IDN,Asia,2011,20.345,7.456,68.823
Indonesia,IDN,Asia,2012,20.093,7.494,68.973
Indonesia,IDN,Asia,2013,19.417,7.457,69.264
Indonesia,IDN,Asia,2014,18.954,7.43,69.533
Indonesia,IDN,Asia,2015,18.448,7.46,69.699
Indonesia,IDN,Asia,2016,18.017,7.529,69.798
Indonesia,IDN,Asia,2017,17.519,7.579,69.936
Indonesia,IDN,Asia,2018,17.179,7.496,70.338
Indonesia,IDN,Asia,2019,16.91,7.539,70.518
Iran,IRN,Asia,2010,17.755,5.108,73.069
Iran,IRN,Asia,2011,18.164,4.978,73.679
Iran,IRN,Asia,2012,18.926,4.892,74.186
Iran,IRN,Asia,2013,19.445,4.911,74.449
Iran,IRN,Asia,2014,19.824,4.905,74.782
Iran,IRN,Asia,2015,19.428,4.842,75.124
Iran,IRN,Asia,2016,19.017,4.726,75.6
Iran,IRN,Asia,2017,18.608,4.692,75.971
Iran,IRN,Asia,2018,17.231,4.715,76.195
Iran,IRN,Asia,2019,15.118,4.872,76.103
Iraq,IRQ,Asia,2010,34.291,5.85,67.062
Iraq,IRQ,Asia,2011,35.09,5.646,67.659
Iraq,IRQ,Asia,2012,34.603,5.505,68.023
Iraq,IRQ,Asia,2013,33.826,5.413,68.253
Iraq,IRQ,Asia,2014,33.083,5.16,68.914
Iraq,IRQ,Asia,2015,31.593,4.961,69.44
Iraq,IRQ,Asia,2016,30.17,5.13,68.988
Iraq,IRQ,Asia,2017,28.923,4.637,70.413
Iraq,IRQ,Asia,2018,28.429,4.282,71.514
Iraq,IRQ,Asia,2019,28.078,4.301,71.576
Ireland,IRL,Europe,2010,16.5,6.1,80.74390244
Ireland,IRL,Europe,2011,16.2,6.2,80.74634146
Ireland,IRL,Europe,2012,15.6,6.3,80.84634146
Ireland,IRL,Europe,2013,14.9,6.4,80.94878049
Ireland,IRL,Europe,2014,14.4,6.3,81.34878049
Ireland,IRL,Europe,2015,13.9,6.4,81.45365854
Ireland,IRL,Europe,2016,13.4,6.4,81.65365854
Ireland,IRL,Europe,2017,12.9,6.3,82.15609756
Ireland,IRL,Europe,2018,12.5,6.4,82.20487805
Ireland,IRL,Europe,2019,12.0,6.3,82.70243902
Isle of Man,IMN,Europe,2010,12.826,9.97,78.983
Isle of Man,IMN,Europe,2011,11.452,9.845,79.19
Isle of Man,IMN,Europe,2012,10.908,9.896,79.337
Isle of Man,IMN,Europe,2013,10.603,9.992,79.473
Isle of Man,IMN,Europe,2014,9.831,9.781,80.037
Isle of Man,IMN,Europe,2015,9.586,10.905,78.905
Isle of Man,IMN,Europe,2016,9.359,9.979,80.314
Isle of Man,IMN,Europe,2017,9.25,10.023,80.457
Isle of Man,IMN,Europe,2018,8.94,10.054,80.596
Isle of Man,IMN,Europe,2019,8.888,10.09,80.737
Israel,ISR,Asia,2010,21.8,5.2,81.60243902
Israel,ISR,Asia,2011,21.4,5.3,81.65609756
Israel,ISR,Asia,2012,21.6,5.3,81.70487805
Israel,ISR,Asia,2013,21.3,5.2,82.05609756
Israel,ISR,Asia,2014,21.5,5.2,82.15365854
Israel,ISR,Asia,2015,21.3,5.3,82.05121951
Israel,ISR,Asia,2016,21.2,5.2,82.40731707
Israel,ISR,Asia,2017,21.1,5.2,82.55121951
Israel,ISR,Asia,2018,20.8,5.0,82.80243902
Israel,ISR,Asia,2019,20.1,5.1,82.80487805
Italy,ITA,Europe,2010,9.5,9.9,82.03658537
Italy,ITA,Europe,2011,9.2,10.0,82.18780488
Italy,ITA,Europe,2012,9.0,10.3,82.23902439
Italy,ITA,Europe,2013,8.5,10.0,82.6902439
Italy,ITA,Europe,2014,8.3,9.8,83.0902439
Italy,ITA,Europe,2015,8.0,10.7,82.54390244
Italy,ITA,Europe,2016,7.8,10.1,83.24390244
Italy,ITA,Europe,2017,7.6,10.7,82.94634146
Italy,ITA,Europe,2018,7.3,10.5,83.34634146
Italy,ITA,Europe,2019,7.0,10.6,83.49756098
Ivory Coast,CIV,Africa,2010,38.815,11.187,55.023
Ivory Coast,CIV,Africa,2011,38.435,10.927,55.52
Ivory Coast,CIV,Africa,2012,37.742,10.517,56.158
Ivory Coast,CIV,Africa,2013,37.137,10.144,56.748
Ivory Coast,CIV,Africa,2014,36.6,9.847,57.208
Ivory Coast,CIV,Africa,2015,36.282,9.543,57.762
Ivory Coast,CIV,Africa,2016,35.959,9.374,58.06
Ivory Coast,CIV,Africa,2017,35.863,9.17,58.48
Ivory Coast,CIV,Africa,2018,35.007,8.961,58.849
Ivory Coast,CIV,Africa,2019,34.554,8.728,59.319
Jamaica,JAM,North America,2010,15.329,6.019,72.622
Jamaica,JAM,North America,2011,15.264,5.871,73.094
Jamaica,JAM,North America,2012,15.037,5.813,73.433
Jamaica,JAM,North America,2013,14.54,5.924,73.412
Jamaica,JAM,North America,2014,13.96,6.238,72.982
Jamaica,JAM,North America,2015,14.123,6.653,72.394
Jamaica,JAM,North America,2016,13.47,6.971,72.02
Jamaica,JAM,North America,2017,12.748,7.145,71.911
Jamaica,JAM,North America,2018,12.22,7.318,71.793
Jamaica,JAM,North America,2019,11.994,7.477,71.767
Japan,JPN,Asia,2010,8.5,9.5,82.84268293
Japan,JPN,Asia,2011,8.3,9.9,82.59121951
Japan,JPN,Asia,2012,8.2,10.0,83.09609756
Japan,JPN,Asia,2013,8.2,10.1,83.33195122
Japan,JPN,Asia,2014,8.0,10.1,83.58780488
Japan,JPN,Asia,2015,8.0,10.3,83.79390244
Japan,JPN,Asia,2016,7.8,10.5,83.98487805
Japan,JPN,Asia,2017,7.6,10.8,84.0997561
Japan,JPN,Asia,2018,7.4,11.0,84.21097561
Japan,JPN,Asia,2019,7.0,11.2,84.35634146
Jordan,JOR,Asia,2010,28.605,3.604,74.0
Jordan,JOR,Asia,2011,27.84,3.597,74.189
Jordan,JOR,Asia,2012,27.018,3.596,74.366
Jordan,JOR,Asia,2013,26.207,3.592,74.562
Jordan,JOR,Asia,2014,25.398,3.361,74.789
Jordan,JOR,Asia,2015,24.441,3.169,75.011
Jordan,JOR,Asia,2016,23.708,3.169,75.215
Jordan,JOR,Asia,2017,23.377,3.155,75.502
Jordan,JOR,Asia,2018,22.999,3.15,75.774
Jordan,JOR,Asia,2019,22.6,3.148,76.044
Kazakhstan,KAZ,Asia,2010,22.53,8.95,68.45
Kazakhstan,KAZ,Asia,2011,22.51,8.72,68.69
Kazakhstan,KAZ,Asia,2012,22.7,8.54,69.52
Kazakhstan,KAZ,Asia,2013,22.73,8.0,70.62
Kazakhstan,KAZ,Asia,2014,23.1,7.65,71.44
Kazakhstan,KAZ,Asia,2015,22.71,7.46,71.97
Kazakhstan,KAZ,Asia,2016,22.52,7.37,72.41
Kazakhstan,KAZ,Asia,2017,21.64,7.15,72.95
Kazakhstan,KAZ,Asia,2018,21.77,7.14,73.15
Kazakhstan,KAZ,Asia,2019,21.73,7.19,73.18
Kenya,KEN,Africa,2010,35.422,7.57,60.649
Kenya,KEN,Africa,2011,34.24,7.428,61.046
Kenya,KEN,Africa,2012,33.174,7.453,61.115
Kenya,KEN,Africa,2013,32.127,7.399,61.389
Kenya,KEN,Africa,2014,31.298,7.304,61.816
Kenya,KEN,Africa,2015,30.957,7.361,61.892
Kenya,KEN,Africa,2016,30.401,7.34,62.163
Kenya,KEN,Africa,2017,29.755,7.294,62.481
Kenya,KEN,Africa,2018,29.18,7.305,62.676
Kenya,KEN,Africa,2019,28.46,7.29,62.943
Kiribati,KIR,Oceania,2010,30.783,7.071,65.016
Kiribati,KIR,Oceania,2011,30.995,7.007,65.19
Kiribati,KIR,Oceania,2012,30.544,6.928,65.378
Kiribati,KIR,Oceania,2013,30.075,6.831,65.588
Kiribati,KIR,Oceania,2014,29.547,6.727,65.815
Kiribati,KIR,Oceania,2015,29.188,6.623,66.059
Kiribati,KIR,Oceania,2016,28.86,6.519,66.332
Kiribati,KIR,Oceania,2017,28.616,6.426,66.597
Kiribati,KIR,Oceania,2018,28.46,6.345,66.855
Kiribati,KIR,Oceania,2019,28.064,6.252,67.15
Kuwait,KWT,Asia,2010,21.203,1.834,77.982
Kuwait,KWT,Asia,2011,20.949,1.752,78.464
Kuwait,KWT,Asia,2012,20.036,1.721,78.812
Kuwait,KWT,Asia,2013,19.119,1.696,79.164
Kuwait,KWT,Asia,2014,18.234,1.695,79.445
Kuwait,KWT,Asia,2015,16.892,1.761,79.562
Kuwait,KWT,Asia,2016,14.8,1.811,79.701
Kuwait,KWT,Asia,2017,14.386,1.914,79.781
Kuwait,KWT,Asia,2018,13.443,2.052,79.722
Kuwait,KWT,Asia,2019,12.437,2.194,79.685
Kyrgyzstan,KGZ,Asia,2010,26.8,6.6,69.3
Kyrgyzstan,KGZ,Asia,2011,27.1,6.5,69.60243902
Kyrgyzstan,KGZ,Asia,2012,27.6,6.5,70.00243902
Kyrgyzstan,KGZ,Asia,2013,27.2,6.1,70.20243902
Kyrgyzstan,KGZ,Asia,2014,27.7,6.1,70.40243902
Kyrgyzstan,KGZ,Asia,2015,27.4,5.8,70.65121951
Kyrgyzstan,KGZ,Asia,2016,26.0,5.5,70.95121951
Kyrgyzstan,KGZ,Asia,2017,24.8,5.4,71.2
Kyrgyzstan,KGZ,Asia,2018,27.1,5.2,71.4
Kyrgyzstan,KGZ,Asia,2019,26.9,5.2,71.6
Laos,LAO,Asia,2010,27.042,8.008,63.973
Laos,LAO,Asia,2011,26.467,7.762,64.736
Laos,LAO,Asia,2012,25.811,7.604,65.355
Laos,LAO,Asia,2013,25.245,7.584,65.718
Laos,LAO,Asia,2014,24.698,7.465,66.361
Laos,LAO,Asia,2015,24.445,7.513,66.67
Laos,LAO,Asia,2016,24.131,7.135,67.167
Laos,LAO,Asia,2017,23.715,6.91,67.434
Laos,LAO,Asia,2018,23.238,6.755,67.634
Laos,LAO,Asia,2019,22.786,6.505,68.138
Latvia,LVA,Europe,2010,9.4,14.3,73.48292683
Latvia,LVA,Europe,2011,9.1,13.9,73.57560976
Latvia,LVA,Europe,2012,9.8,14.3,73.77804878
Latvia,LVA,Europe,2013,10.2,14.3,73.98292683
Latvia,LVA,Europe,2014,10.9,14.3,74.12439024
Latvia,LVA,Europe,2015,11.1,14.4,74.4804878
Latvia,LVA,Europe,2016,11.2,14.6,74.5804878
Latvia,LVA,Europe,2017,10.7,14.8,74.62926829
Latvia,LVA,Europe,2018,10.0,15.0,74.78292683
Latvia,LVA,Europe,2019,9.8,14.5,75.38780488
Lebanon,LBN,Asia,2010,17.565,4.066,78.156
Lebanon,LBN,Asia,2011,17.866,4.099,78.404
Lebanon,LBN,Asia,2012,17.899,4.134,78.628
Lebanon,LBN,Asia,2013,17.872,4.197,78.765
Lebanon,LBN,Asia,2014,17.89,4.221,78.973
Lebanon,LBN,Asia,2015,17.764,4.235,79.229
Lebanon,LBN,Asia,2016,17.395,4.343,79.505
Lebanon,LBN,Asia,2017,16.904,4.495,79.654
Lebanon,LBN,Asia,2018,16.311,4.704,79.729
Lebanon,LBN,Asia,2019,15.822,5.178,79.236
Liberia,LBR,Africa,2010,38.074,9.907,59.433
Liberia,LBR,Africa,2011,37.395,9.741,59.62
Liberia,LBR,Africa,2012,37.307,9.57,59.913
Liberia,LBR,Africa,2013,36.138,9.482,59.943
Liberia,LBR,Africa,2014,35.075,9.799,59.121
Liberia,LBR,Africa,2015,34.215,9.715,59.148
Liberia,LBR,Africa,2016,33.713,9.059,60.416
Liberia,LBR,Africa,2017,33.151,8.954,60.553
Liberia,LBR,Africa,2018,32.706,8.793,60.853
Liberia,LBR,Africa,2019,32.181,8.658,61.104
Libya,LBY,Africa,2010,23.562,4.512,72.374
Libya,LBY,Africa,2011,23.885,5.479,70.071
Libya,LBY,Africa,2012,21.953,5.028,72.247
Libya,LBY,Africa,2013,21.886,5.056,72.34
Libya,LBY,Africa,2014,21.908,5.43,71.511
Libya,LBY,Africa,2015,21.214,5.427,71.698
Libya,LBY,Africa,2016,20.576,5.48,71.756
Libya,LBY,Africa,2017,19.898,5.284,72.482
Libya,LBY,Africa,2018,19.282,5.245,72.794
Libya,LBY,Africa,2019,18.732,5.454,72.463
Liechtenstein,LIE,Europe,2010,9.1,6.6,81.84146341
Liechtenstein,LIE,Europe,2011,10.9,6.8,81.79268293
Liechtenstein,LIE,Europe,2012,9.7,6.1,82.38292683
Liechtenstein,LIE,Europe,2013,9.2,6.7,82.26097561
Liechtenstein,LIE,Europe,2014,10.0,7.2,82.07317073
Liechtenstein,LIE,Europe,2015,8.7,6.7,82.65609756
Liechtenstein,LIE,Europe,2016,10.0,7.2,82.25853659
Liechtenstein,LIE,Europe,2017,8.9,6.6,83.74634146
Liechtenstein,LIE,Europe,2018,9.9,7.2,83.04146341
Liechtenstein,LIE,Europe,2019,9.2,6.8,84.16097561
Lithuania,LTU,Europe,2010,9.9,13.6,73.26829268
Lithuania,LTU,Europe,2011,10.0,13.6,73.56341463
Lithuania,LTU,Europe,2012,10.2,13.7,73.86341463
Lithuania,LTU,Europe,2013,10.1,14.0,73.91463415
Lithuania,LTU,Europe,2014,10.4,13.7,74.51707317
Lithuania,LTU,Europe,2015,10.8,14.4,74.32195122
Lithuania,LTU,Europe,2016,10.7,14.3,74.67073171
Lithuania,LTU,Europe,2017,10.1,14.2,75.4804878
Lithuania,LTU,Europe,2018,10.0,14.1,75.6804878
Lithuania,LTU,Europe,2019,9.8,13.7,76.28292683
Luxembourg,LUX,Europe,2010,11.6,7.4,80.63170732
Luxembourg,LUX,Europe,2011,10.9,7.4,80.98780488
Luxembourg,LUX,Europe,2012,11.3,7.3,81.39268293
Luxembourg,LUX,Europe,2013,11.3,7.0,81.8
Luxembourg,LUX,Europe,2014,10.9,6.9,82.22926829
Luxembourg,LUX,Europe,2015,10.7,7.0,82.29268293
Luxembourg,LUX,Europe,2016,10.4,6.8,82.68536585
Luxembourg,LUX,Europe,2017,10.4,7.1,82.09512195
Luxembourg,LUX,Europe,2018,10.3,7.1,82.29512195
Luxembourg,LUX,Europe,2019,10.0,6.9,82.63902439
Macau,MAC,Asia,2010,9.561,3.678,83.109
Macau,MAC,Asia,2011,10.475,3.719,83.229
Macau,MAC,Asia,2012,11.319,3.771,83.326
Macau,MAC,Asia,2013,11.553,3.715,83.727
Macau,MAC,Asia,2014,11.883,3.768,83.883
Macau,MAC,Asia,2015,11.634,3.851,83.984
Macau,MAC,Asia,2016,11.423,3.877,84.231
Macau,MAC,Asia,2017,10.877,3.864,84.563
Macau,MAC,Asia,2018,10.621,3.86,84.928
Macau,MAC,Asia,2019,10.295,3.983,84.978
Madagascar,MDG,Africa,2010,36.041,7.713,62.873
Madagascar,MDG,Africa,2011,35.063,7.427,63.494
Madagascar,MDG,Africa,2012,34.271,7.38,63.544
Madagascar,MDG,Africa,2013,33.699,7.201,63.962
Madagascar,MDG,Africa,2014,33.079,7.076,64.255
Madagascar,MDG,Africa,2015,32.765,7.049,64.339
Madagascar,MDG,Africa,2016,32.759,6.81,64.997
Madagascar,MDG,Africa,2017,32.477,6.79,65.094
Madagascar,MDG,Africa,2018,32.088,6.736,65.27
Madagascar,MDG,Africa,2019,31.701,6.518,65.882
Malawi,MWI,Africa,2010,40.825,11.412,56.381
Malawi,MWI,Africa,2011,39.89,10.608,57.455
Malawi,MWI,Africa,2012,38.794,9.783,58.679
Malawi,MWI,Africa,2013,37.85,9.081,59.729
Malawi,MWI,Africa,2014,36.791,8.376,60.899
Malawi,MWI,Africa,2015,35.767,8.005,61.378
Malawi,MWI,Africa,2016,34.824,7.541,62.209
Malawi,MWI,Africa,2017,34.343,7.149,62.977
Malawi,MWI,Africa,2018,33.925,6.955,63.276
Malawi,MWI,Africa,2019,33.598,6.611,64.119
Malaysia,MYS,Asia,2010,17.002,5.009,74.442
Malaysia,MYS,Asia,2011,17.261,4.928,74.746
Malaysia,MYS,Asia,2012,17.209,4.909,74.944
Malaysia,MYS,Asia,2013,17.225,4.945,75.035
Malaysia,MYS,Asia,2014,17.313,4.981,75.146
Malaysia,MYS,Asia,2015,17.101,5.096,75.094
Malaysia,MYS,Asia,2016,16.685,5.109,75.289
Malaysia,MYS,Asia,2017,16.355,5.132,75.476
Malaysia,MYS,Asia,2018,15.978,5.175,75.644
Malaysia,MYS,Asia,2019,15.58,5.253,75.76
Maldives,MDV,Asia,2010,21.165,3.112,77.657
Maldives,MDV,Asia,2011,20.527,3.004,78.124
Maldives,MDV,Asia,2012,19.865,2.873,78.682
Maldives,MDV,Asia,2013,18.895,2.793,79.057
Maldives,MDV,Asia,2014,18.044,2.718,79.424
Maldives,MDV,Asia,2015,17.465,2.718,79.695
Maldives,MDV,Asia,2016,16.794,2.738,79.872
Maldives,MDV,Asia,2017,16.126,2.784,79.943
Maldives,MDV,Asia,2018,15.531,2.828,80.013
Maldives,MDV,Asia,2019,15.001,2.858,80.116
Mali,MLI,Africa,2010,46.588,11.812,56.382
Mali,MLI,Africa,2011,46.234,11.498,56.755
Mali,MLI,Africa,2012,45.918,11.21,57.079
Mali,MLI,Africa,2013,45.271,10.936,57.357
Mali,MLI,Africa,2014,44.794,10.548,57.9
Mali,MLI,Africa,2015,44.342,10.211,58.363
Mali,MLI,Africa,2016,43.818,9.927,58.731
Mali,MLI,Africa,2017,43.378,9.637,59.132
Mali,MLI,Africa,2018,42.901,9.419,59.393
Mali,MLI,Africa,2019,42.376,9.205,59.664
Malta,MLT,Europe,2010,9.4,7.3,81.39756098
Malta,MLT,Europe,2011,10.0,7.8,80.74634146
Malta,MLT,Europe,2012,9.8,8.1,80.74634146
Malta,MLT,Europe,2013,9.5,7.6,81.74634146
Malta,MLT,Europe,2014,9.6,7.5,82.04634146
Malta,MLT,Europe,2015,9.7,7.7,81.89756098
Malta,MLT,Europe,2016,9.8,7.3,82.45365854
Malta,MLT,Europe,2017,9.2,7.6,82.34634146
Malta,MLT,Europe,2018,9.2,7.6,82.44878049
Malta,MLT,Europe,2019,8.6,7.3,82.85853659
Marshall Islands,MHL,Oceania,2010,30.129,6.876,63.226
Marshall Islands,MHL,Oceania,2011,28.631,6.848,63.256
Marshall Islands,MHL,Oceania,2012,27.379,6.859,63.373
Marshall Islands,MHL,Oceania,2013,26.187,6.906,63.464
Marshall Islands,MHL,Oceania,2014,25.006,6.94,63.623
Marshall Islands,MHL,Oceania,2015,23.947,6.975,63.827
Marshall Islands,MHL,Oceania,2016,23.016,7.021,64.057
Marshall Islands,MHL,Oceania,2017,22.268,7.097,64.27
Marshall Islands,MHL,Oceania,2018,21.514,7.187,64.5
Marshall Islands,MHL,Oceania,2019,20.744,7.29,64.746
Mauritania,MRT,Africa,2010,36.772,8.327,63.105
Mauritania,MRT,Africa,2011,36.712,8.454,63.346
Mauritania,MRT,Africa,2012,36.398,8.581,63.578
Mauritania,MRT,Africa,2013,35.834,8.652,63.911
Mauritania,MRT,Africa,2014,35.527,8.301,64.155
Mauritania,MRT,Africa,2015,35.18,7.979,64.485
Mauritania,MRT,Africa,2016,34.832,7.707,64.768
Mauritania,MRT,Africa,2017,34.425,7.446,65.083
Mauritania,MRT,Africa,2018,34.183,7.248,65.31
Mauritania,MRT,Africa,2019,33.723,7.003,65.687
Mauritius,MUS,Africa,2010,12.0,7.3,72.96731707
Mauritius,MUS,Africa,2011,11.7,7.3,73.26682927
Mauritius,MUS,Africa,2012,11.5,7.4,73.86341463
Mauritius,MUS,Africa,2013,10.9,7.5,74.01707317
Mauritius,MUS,Africa,2014,10.6,7.7,74.19439024
Mauritius,MUS,Africa,2015,10.1,7.7,74.35317073
Mauritius,MUS,Africa,2016,10.4,8.1,74.39487805
Mauritius,MUS,Africa,2017,10.7,8.0,74.51463415
Mauritius,MUS,Africa,2018,10.2,8.5,74.41634146
Mauritius,MUS,Africa,2019,10.2,8.8,74.23585366
Mexico,MEX,North America,2010,20.152,5.594,74.19
Mexico,MEX,North America,2011,19.917,5.597,74.365
Mexico,MEX,North America,2012,19.635,5.642,74.574
Mexico,MEX,North America,2013,19.326,5.696,74.739
Mexico,MEX,North America,2014,18.711,5.805,74.797
Mexico,MEX,North America,2015,17.968,6.007,74.682
Mexico,MEX,North America,2016,17.42,6.305,74.412
Mexico,MEX,North America,2017,16.947,6.615,74.138
Mexico,MEX,North America,2018,16.465,6.856,74.015
Mexico,MEX,North America,2019,15.71,6.931,74.202
Micronesia,FSM,Oceania,2010,23.696,4.587,71.233
Micronesia,FSM,Oceania,2011,23.405,4.612,71.318
Micronesia,FSM,Oceania,2012,22.975,4.676,71.398
Micronesia,FSM,Oceania,2013,22.652,4.743,71.499
Micronesia,FSM,Oceania,2014,22.266,4.844,71.529
Micronesia,FSM,Oceania,2015,21.855,5.008,71.408
Micronesia,FSM,Oceania,2016,21.714,5.073,71.595
Micronesia,FSM,Oceania,2017,21.451,5.265,71.467
Micronesia,FSM,Oceania,2018,21.2,5.472,71.318
Micronesia,FSM,Oceania,2019,21.059,5.728,71.077
Moldova,MDA,Europe,2010,14.265,12.582,69.357
Moldova,MDA,Europe,2011,13.864,13.074,69.192
Moldova,MDA,Europe,2012,13.746,13.443,69.143
Moldova,MDA,Europe,2013,13.59,13.8,69.099
Moldova,MDA,Europe,2014,14.802,14.166,69.031
Moldova,MDA,Europe,2015,14.899,14.133,69.24
Moldova,MDA,Europe,2016,14.761,13.54,69.917
Moldova,MDA,Europe,2017,13.805,13.088,70.516
Moldova,MDA,Europe,2018,13.443,13.339,70.492
Moldova,MDA,Europe,2019,12.894,13.089,70.935
Monaco,MCO,Europe,2010,0.0,0.0,0.0
Monaco,MCO,Europe,2011,0.0,0.0,0.0
Monaco,MCO,Europe,2012,0.0,0.0,0.0
Monaco,MCO,Europe,2013,0.0,0.0,0.0
Monaco,MCO,Europe,2014,0.0,0.0,0.0
Monaco,MCO,Europe,2015,8.1,7.6,0.0
Monaco,MCO,Europe,2016,7.8,7.9,0.0
Monaco,MCO,Europe,2017,0.0,0.0,0.0
Monaco,MCO,Europe,2018,5.9,6.6,0.0
Monaco,MCO,Europe,2019,0.0,0.0,0.0
Mongolia,MNG,Asia,2010,23.349,6.729,67.182
Mongolia,MNG,Asia,2011,24.13,6.741,67.439
Mongolia,MNG,Asia,2012,25.297,6.514,68.111
Mongolia,MNG,Asia,2013,26.333,6.393,68.585
Mongolia,MNG,Asia,2014,26.677,6.276,69.047
Mongolia,MNG,Asia,2015,26.352,6.158,69.498
Mongolia,MNG,Asia,2016,25.365,6.075,69.865
Mongolia,MNG,Asia,2017,24.222,5.994,70.237
Mongolia,MNG,Asia,2018,23.836,5.663,71.199
Mongolia,MNG,Asia,2019,23.292,5.499,71.822
Montenegro,MNE,Europe,2010,12.0,9.1,75.9902439
Montenegro,MNE,Europe,2011,11.6,9.4,75.98292683
Montenegro,MNE,Europe,2012,12.0,9.5,76.2
Montenegro,MNE,Europe,2013,12.0,9.5,76.4902439
Montenegro,MNE,Europe,2014,12.1,9.7,76.44146341
Montenegro,MNE,Europe,2015,11.9,10.2,76.44878049
Montenegro,MNE,Europe,2016,12.2,10.4,76.44146341
Montenegro,MNE,Europe,2017,11.9,10.5,76.48536585
Montenegro,MNE,Europe,2018,11.7,10.5,76.84146341
Montenegro,MNE,Europe,2019,11.6,10.6,76.68292683
Morocco,MAR,Africa,2010,21.402,5.966,70.829
Morocco,MAR,Africa,2011,21.507,5.91,71.269
Morocco,MAR,Africa,2012,21.304,5.86,71.679
Morocco,MAR,Africa,2013,21.141,5.796,72.122
Morocco,MAR,Africa,2014,20.617,5.741,72.538
Morocco,MAR,Africa,2015,20.307,5.705,72.92
Morocco,MAR,Africa,2016,19.483,5.674,73.284
Morocco,MAR,Africa,2017,19.298,5.642,73.66
Morocco,MAR,Africa,2018,18.813,5.637,73.986
Morocco,MAR,Africa,2019,18.337,5.658,74.27
Mozambique,MOZ,Africa,2010,42.013,11.902,54.198
Mozambique,MOZ,Africa,2011,41.605,11.473,54.869
Mozambique,MOZ,Africa,2012,41.079,10.995,55.639
Mozambique,MOZ,Africa,2013,40.548,10.492,56.492
Mozambique,MOZ,Africa,2014,39.254,10.005,57.274
Mozambique,MOZ,Africa,2015,38.797,9.506,58.151
Mozambique,MOZ,Africa,2016,38.437,9.049,59.038
Mozambique,MOZ,Africa,2017,38.127,8.69,59.771
Mozambique,MOZ,Africa,2018,37.753,8.337,60.526
Mozambique,MOZ,Africa,2019,37.345,8.04,61.166
Myanmar,MMR,Asia,2010,19.409,9.214,63.329
Myanmar,MMR,Asia,2011,19.104,9.026,63.901
Myanmar,MMR,Asia,2012,18.762,9.023,64.141
Myanmar,MMR,Asia,2013,18.573,8.799,64.815
Myanmar,MMR,Asia,2014,18.404,8.804,65.056
Myanmar,MMR,Asia,2015,18.402,8.673,65.561
Myanmar,MMR,Asia,2016,18.33,8.753,65.685
Myanmar,MMR,Asia,2017,18.129,8.808,65.843
Myanmar,MMR,Asia,2018,17.869,8.622,66.465
Myanmar,MMR,Asia,2019,17.663,8.692,66.61
Namibia,NAM,Africa,2010,30.423,11.062,56.015
Namibia,NAM,Africa,2011,30.776,10.861,56.553
Namibia,NAM,Africa,2012,31.054,10.372,57.64
Namibia,NAM,Africa,2013,30.879,9.91,58.694
Namibia,NAM,Africa,2014,30.716,9.427,59.822
Namibia,NAM,Africa,2015,30.394,9.077,60.7
Namibia,NAM,Africa,2016,30.051,8.686,61.682
Namibia,NAM,Africa,2017,29.503,8.47,62.293
Namibia,NAM,Africa,2018,29.008,8.403,62.586
Namibia,NAM,Africa,2019,28.433,8.248,63.075
Nauru,NRU,Oceania,2010,34.435,8.214,59.64
Nauru,NRU,Oceania,2011,34.913,7.916,60.24
Nauru,NRU,Oceania,2012,34.497,7.646,60.715
Nauru,NRU,Oceania,2013,33.513,7.392,61.231
Nauru,NRU,Oceania,2014,32.608,7.13,61.807
Nauru,NRU,Oceania,2015,31.856,6.933,62.269
Nauru,NRU,Oceania,2016,31.159,6.76,62.702
Nauru,NRU,Oceania,2017,30.375,6.65,62.988
Nauru,NRU,Oceania,2018,29.686,6.566,63.234
Nauru,NRU,Oceania,2019,29.124,6.48,63.484
Nepal,NPL,Asia,2010,22.589,6.987,66.814
Nepal,NPL,Asia,2011,22.372,6.891,67.313
Nepal,NPL,Asia,2012,22.335,6.961,67.47
Nepal,NPL,Asia,2013,22.247,6.887,67.965
Nepal,NPL,Asia,2014,22.22,6.981,68.085
Nepal,NPL,Asia,2015,22.05,7.376,67.456
Nepal,NPL,Asia,2016,21.764,6.93,68.776
Nepal,NPL,Asia,2017,21.376,6.971,68.91
Nepal,NPL,Asia,2018,21.026,7.041,68.979
Nepal,NPL,Asia,2019,20.868,6.871,69.558
Netherlands,NLD,Europe,2010,11.1,8.2,80.70243902
Netherlands,NLD,Europe,2011,10.8,8.1,81.20487805
Netherlands,NLD,Europe,2012,10.5,8.4,81.10487805
Netherlands,NLD,Europe,2013,10.2,8.4,81.30487805
Netherlands,NLD,Europe,2014,10.4,8.3,81.70731707
Netherlands,NLD,Europe,2015,10.1,8.7,81.5097561
Netherlands,NLD,Europe,2016,10.1,8.7,81.56097561
Netherlands,NLD,Europe,2017,9.9,8.8,81.76097561
Netherlands,NLD,Europe,2018,9.8,8.9,81.81219512
Netherlands,NLD,Europe,2019,9.8,8.8,82.11219512
New Caledonia,NCL,Oceania,2010,16.7,4.8,77.2804878
New Caledonia,NCL,Oceania,2011,16.2,5.2,76.63170732
New Caledonia,NCL,Oceania,2012,16.9,5.1,77.07804878
New Caledonia,NCL,Oceania,2013,16.6,5.2,77.17804878
New Caledonia,NCL,Oceania,2014,16.3,5.2,77.23658537
New Caledonia,NCL,Oceania,2015,15.6,5.4,77.2804878
New Caledonia,NCL,Oceania,2016,15.8,5.8,76.93170732
New Caledonia,NCL,Oceania,2017,15.0,5.7,77.53902439
New Caledonia,NCL,Oceania,2018,15.0,5.7,80.00309756
New Caledonia,NCL,Oceania,2019,15.2,6.0,80.41970732
New Zealand,NZL,Oceania,2010,14.68,6.53,80.90487805
New Zealand,NZL,Oceania,2011,14.0,6.86,81.15609756
New Zealand,NZL,Oceania,2012,13.87,6.82,81.40731707
New Zealand,NZL,Oceania,2013,13.2,6.65,81.40487805
New Zealand,NZL,Oceania,2014,12.67,6.87,81.45682927
New Zealand,NZL,Oceania,2015,13.23,6.85,81.61243902
New Zealand,NZL,Oceania,2016,12.6,6.61,81.65853659
New Zealand,NZL,Oceania,2017,12.38,6.92,81.85853659
New Zealand,NZL,Oceania,2018,11.84,6.78,81.70731707
New Zealand,NZL,Oceania,2019,11.96,6.87,82.05609756
Nicaragua,NIC,North America,2010,24.105,4.491,72.009
Nicaragua,NIC,North America,2011,23.881,4.444,72.416
Nicaragua,NIC,North America,2012,23.647,4.47,72.615
Nicaragua,NIC,North America,2013,23.385,4.535,72.704
Nicaragua,NIC,North America,2014,23.103,4.597,72.812
Nicaragua,NIC,North America,2015,22.797,4.635,72.983
Nicaragua,NIC,North America,2016,22.459,4.633,73.256
Nicaragua,NIC,North America,2017,22.09,4.619,73.554
Nicaragua,NIC,North America,2018,21.704,4.605,73.85
Nicaragua,NIC,North America,2019,21.305,4.626,74.054
Niger,NER,Africa,2010,48.51,10.589,58.367
Niger,NER,Africa,2011,47.99,10.145,58.994
Niger,NER,Africa,2012,47.398,9.718,59.65
Niger,NER,Africa,2013,47.123,9.346,60.239
Niger,NER,Africa,2014,46.752,9.016,60.786
Niger,NER,Africa,2015,46.558,8.799,61.083
Niger,NER,Africa,2016,46.52,8.512,61.629
Niger,NER,Africa,2017,46.351,8.239,62.16
Niger,NER,Africa,2018,46.127,8.061,62.454
Niger,NER,Africa,2019,45.859,7.824,62.897
Nigeria,NGA,Africa,2010,42.094,14.628,50.945
Nigeria,NGA,Africa,2011,41.798,14.336,51.357
Nigeria,NGA,Africa,2012,41.241,14.193,51.497
Nigeria,NGA,Africa,2013,40.603,14.004,51.707
Nigeria,NGA,Africa,2014,40.069,13.892,51.791
Nigeria,NGA,Africa,2015,39.51,13.803,51.841
Nigeria,NGA,Africa,2016,39.128,13.638,52.043
Nigeria,NGA,Africa,2017,38.689,13.435,52.305
Nigeria,NGA,Africa,2018,38.248,13.239,52.554
Nigeria,NGA,Africa,2019,37.849,12.989,52.91
North Korea,PRK,Asia,2010,12.706,8.71,70.419
North Korea,PRK,Asia,2011,12.728,8.609,70.978
North Korea,PRK,Asia,2012,12.957,8.468,71.626
North Korea,PRK,Asia,2013,13.192,8.305,72.319
North Korea,PRK,Asia,2014,13.45,8.183,72.942
North Korea,PRK,Asia,2015,13.536,8.088,72.784
North Korea,PRK,Asia,2016,13.525,8.327,72.805
North Korea,PRK,Asia,2017,13.514,8.502,72.978
North Korea,PRK,Asia,2018,13.488,8.721,73.031
North Korea,PRK,Asia,2019,13.487,8.878,73.198
North Macedonia,MKD,Europe,2010,11.8,9.3,74.99756098
North Macedonia,MKD,Europe,2011,11.1,9.5,75.1
North Macedonia,MKD,Europe,2012,11.4,9.8,74.90243902
North Macedonia,MKD,Europe,2013,11.2,9.3,75.4
North Macedonia,MKD,Europe,2014,11.4,9.5,75.45121951
North Macedonia,MKD,Europe,2015,11.1,9.9,75.40243902
North Macedonia,MKD,Europe,2016,11.09872665,9.853364793,75.4
North Macedonia,MKD,Europe,2017,10.5,9.8,75.95365854
North Macedonia,MKD,Europe,2018,10.3,9.5,76.64878049
North Macedonia,MKD,Europe,2019,9.6,9.8,76.60243902
Norway,NOR,Europe,2010,12.6,8.5,80.99756098
Norway,NOR,Europe,2011,12.2,8.4,81.29512195
Norway,NOR,Europe,2012,12.0,8.4,81.45121951
Norway,NOR,Europe,2013,11.6,8.1,81.75121951
Norway,NOR,Europe,2014,11.5,7.9,82.1
Norway,NOR,Europe,2015,11.3,7.8,82.30487805
Norway,NOR,Europe,2016,11.3,7.8,82.40731707
Norway,NOR,Europe,2017,10.7,7.7,82.6097561
Norway,NOR,Europe,2018,10.4,7.7,82.75853659
Norway,NOR,Europe,2019,10.2,7.6,82.95853659
Oman,OMN,Asia,2010,23.421,2.585,76.269
Oman,OMN,Asia,2011,22.627,2.457,76.608
Oman,OMN,Asia,2012,21.943,2.323,77.061
Oman,OMN,Asia,2013,21.561,2.278,77.246
Oman,OMN,Asia,2014,21.342,2.243,77.446
Oman,OMN,Asia,2015,21.316,2.205,77.687
Oman,OMN,Asia,2016,20.803,2.154,77.916
Oman,OMN,Asia,2017,20.282,2.155,77.924
Oman,OMN,Asia,2018,19.816,2.172,77.966
Oman,OMN,Asia,2019,19.298,2.205,78.002
Pakistan,PAK,Asia,2010,32.109,7.599,64.436
Pakistan,PAK,Asia,2011,31.872,7.524,64.648
Pakistan,PAK,Asia,2012,31.601,7.479,64.782
Pakistan,PAK,Asia,2013,31.181,7.333,65.15
Pakistan,PAK,Asia,2014,30.462,7.274,65.284
Pakistan,PAK,Asia,2015,29.699,7.097,65.697
Pakistan,PAK,Asia,2016,29.306,7.036,65.88
Pakistan,PAK,Asia,2017,28.963,6.89,66.297
Pakistan,PAK,Asia,2018,28.594,6.843,66.482
Pakistan,PAK,Asia,2019,28.276,6.765,66.756
Palau,PLW,Oceania,2010,11.9,8.1,0.0
Palau,PLW,Oceania,2011,11.8,8.3,0.0
Palau,PLW,Oceania,2012,15.3,9.4,0.0
Palau,PLW,Oceania,2013,13.0,10.9,0.0
Palau,PLW,Oceania,2014,13.7,9.5,0.0
Palau,PLW,Oceania,2015,13.7,7.7,0.0
Palau,PLW,Oceania,2016,12.0,9.9,0.0
Palau,PLW,Oceania,2017,12.4,10.3,0.0
Palau,PLW,Oceania,2018,14.0,7.8,0.0
Palau,PLW,Oceania,2019,11.2,10.2,0.0
Palestine,PSE,Asia,2010,33.727,3.484,73.004
Palestine,PSE,Asia,2011,33.382,3.459,73.243
Palestine,PSE,Asia,2012,32.894,3.436,73.466
Palestine,PSE,Asia,2013,32.521,3.309,74.029
Palestine,PSE,Asia,2014,32.477,3.829,72.622
Palestine,PSE,Asia,2015,32.726,3.304,74.406
Palestine,PSE,Asia,2016,31.921,3.302,74.554
Palestine,PSE,Asia,2017,30.973,3.26,74.833
Palestine,PSE,Asia,2018,30.126,3.317,74.793
Palestine,PSE,Asia,2019,29.466,3.225,75.241
Panama,PAN,North America,2010,21.165,4.755,76.448
Panama,PAN,North America,2011,21.213,4.789,76.627
Panama,PAN,North America,2012,21.129,4.818,76.819
Panama,PAN,North America,2013,20.759,4.835,77.038
Panama,PAN,North America,2014,20.461,4.856,77.248
Panama,PAN,North America,2015,20.111,4.875,77.468
Panama,PAN,North America,2016,19.701,4.904,77.653
Panama,PAN,North America,2017,19.317,4.947,77.795
Panama,PAN,North America,2018,18.814,5.013,77.863
Panama,PAN,North America,2019,18.228,5.12,77.81
Papua New Guinea,PNG,Oceania,2010,30.445,7.134,63.039
Papua New Guinea,PNG,Oceania,2011,30.028,6.951,63.526
Papua New Guinea,PNG,Oceania,2012,29.555,6.891,63.733
Papua New Guinea,PNG,Oceania,2013,29.122,6.825,63.961
Papua New Guinea,PNG,Oceania,2014,28.687,6.734,64.259
Papua New Guinea,PNG,Oceania,2015,28.178,6.585,64.701
Papua New Guinea,PNG,Oceania,2016,27.703,6.57,64.84
Papua New Guinea,PNG,Oceania,2017,27.216,6.508,65.103
Papua New Guinea,PNG,Oceania,2018,26.834,6.532,65.182
Papua New Guinea,PNG,Oceania,2019,26.37,6.468,65.474
Paraguay,PRY,South America,2010,22.606,5.517,71.887
Paraguay,PRY,South America,2011,22.324,5.506,72.131
Paraguay,PRY,South America,2012,22.069,5.464,72.454
Paraguay,PRY,South America,2013,22.249,5.436,72.757
Paraguay,PRY,South America,2014,22.402,5.481,72.878
Paraguay,PRY,South America,2015,22.428,5.446,73.191
Paraguay,PRY,South America,2016,22.263,5.398,73.534
Paraguay,PRY,South America,2017,21.962,5.445,73.644
Paraguay,PRY,South America,2018,21.664,5.569,73.568
Paraguay,PRY,South America,2019,21.281,5.636,73.621
Peru,PER,South America,2010,21.066,6.895,73.711
Peru,PER,South America,2011,20.75,6.864,74.133
Peru,PER,South America,2012,20.225,6.791,74.544
Peru,PER,South America,2013,19.71,6.681,74.967
Peru,PER,South America,2014,19.248,6.612,75.333
Peru,PER,South America,2015,18.808,6.438,75.621
Peru,PER,South America,2016,18.5,6.318,75.789
Peru,PER,South America,2017,18.269,6.173,75.879
Peru,PER,South America,2018,18.092,6.103,76.009
Peru,PER,South America,2019,18.042,6.006,76.156
Philippines,PHL,Asia,2010,25.511,5.636,70.754
Philippines,PHL,Asia,2011,24.416,5.668,70.788
Philippines,PHL,Asia,2012,24.457,5.681,70.881
Philippines,PHL,Asia,2013,24.286,5.756,70.835
Philippines,PHL,Asia,2014,23.827,5.704,71.151
Philippines,PHL,Asia,2015,23.252,5.736,71.268
Philippines,PHL,Asia,2016,22.836,5.695,71.387
Philippines,PHL,Asia,2017,22.664,5.665,71.516
Philippines,PHL,Asia,2018,22.445,5.631,71.689
Philippines,PHL,Asia,2019,22.254,5.609,71.865
Poland,POL,Europe,2010,10.9,9.9,76.24634146
Poland,POL,Europe,2011,10.2,9.9,76.69512195
Poland,POL,Europe,2012,10.1,10.1,76.74634146
Poland,POL,Europe,2013,9.7,10.2,77.0
Poland,POL,Europe,2014,9.9,9.9,77.60243902
Poland,POL,Europe,2015,9.7,10.4,77.45121951
Poland,POL,Europe,2016,10.1,10.2,77.85121951
Poland,POL,Europe,2017,10.6,10.6,77.75365854
Poland,POL,Europe,2018,10.2,10.9,77.60243902
Poland,POL,Europe,2019,9.9,10.8,77.90487805
Portugal,PRT,Europe,2010,9.6,10.0,79.02682927
Portugal,PRT,Europe,2011,9.2,9.7,80.47073171
Portugal,PRT,Europe,2012,8.5,10.2,80.37317073
Portugal,PRT,Europe,2013,7.9,10.2,80.72195122
Portugal,PRT,Europe,2014,7.9,10.1,81.12195122
Portugal,PRT,Europe,2015,8.3,10.5,81.12439024
Portugal,PRT,Europe,2016,8.4,10.7,81.12439024
Portugal,PRT,Europe,2017,8.4,10.7,81.42439024
Portugal,PRT,Europe,2018,8.5,11.0,81.32439024
Portugal,PRT,Europe,2019,8.4,10.9,81.67560976
Puerto Rico,PRI,North America,2010,11.3,7.833,78.01
Puerto Rico,PRI,North America,2011,11.1,8.0,78.316
Puerto Rico,PRI,North America,2012,10.6,8.1,78.461
Puerto Rico,PRI,North America,2013,10.1,8.1,78.777
Puerto Rico,PRI,North America,2014,9.7,8.5,78.929
Puerto Rico,PRI,North America,2015,9.0,8.084,79.695
Puerto Rico,PRI,North America,2016,8.3,8.86,80.27
Puerto Rico,PRI,North America,2017,7.3,9.222,79.258
Puerto Rico,PRI,North America,2018,6.7,9.063,79.77
Puerto Rico,PRI,North America,2019,6.4,9.194,79.063
Qatar,QAT,Asia,2010,10.803,1.263,78.425
Qatar,QAT,Asia,2011,11.366,1.188,78.891
Qatar,QAT,Asia,2012,11.235,1.156,79.227
Qatar,QAT,Asia,2013,11.237,1.136,79.536
Qatar,QAT,Asia,2014,10.845,1.102,79.768
Qatar,QAT,Asia,2015,10.328,1.032,80.064
Qatar,QAT,Asia,2016,10.087,0.991,80.433
Qatar,QAT,Asia,2017,10.228,0.985,80.717
Qatar,QAT,Asia,2018,10.598,0.982,80.898
Qatar,QAT,Asia,2019,10.743,0.991,80.99
Romania,ROU,Europe,2010,10.5,12.8,73.45853659
Romania,ROU,Europe,2011,9.7,12.5,74.4097561
Romania,ROU,Europe,2012,10.0,12.7,74.41219512
Romania,ROU,Europe,2013,9.4,12.4,75.06341463
Romania,ROU,Europe,2014,10.0,12.8,74.9097561
Romania,ROU,Europe,2015,10.2,13.2,74.91219512
Romania,ROU,Europe,2016,10.4,13.1,75.2097561
Romania,ROU,Europe,2017,10.8,13.4,75.3097561
Romania,ROU,Europe,2018,10.8,13.6,75.35853659
Romania,ROU,Europe,2019,10.3,13.4,75.60731707
Russia,RUS,Europe,2010,12.5,14.2,68.84121951
Russia,RUS,Europe,2011,12.6,13.5,69.68390244
Russia,RUS,Europe,2012,13.3,13.3,70.07219512
Russia,RUS,Europe,2013,13.2,13.0,70.57878049
Russia,RUS,Europe,2014,13.3,13.1,70.74365854
Russia,RUS,Europe,2015,13.3,13.0,71.18341463
Russia,RUS,Europe,2016,12.9,12.9,71.65121951
Russia,RUS,Europe,2017,11.5,12.4,72.45146341
Russia,RUS,Europe,2018,10.9,12.5,72.66219512
Russia,RUS,Europe,2019,10.1,12.3,73.08390244
Rwanda,RWA,Africa,2010,34.836,8.068,62.54
Rwanda,RWA,Africa,2011,33.658,7.814,63.261
Rwanda,RWA,Africa,2012,32.818,7.604,64.009
Rwanda,RWA,Africa,2013,32.407,7.285,64.426
Rwanda,RWA,Africa,2014,32.085,6.953,64.94
Rwanda,RWA,Africa,2015,31.833,6.724,65.298
Rwanda,RWA,Africa,2016,31.659,6.49,65.737
Rwanda,RWA,Africa,2017,31.399,6.367,65.941
Rwanda,RWA,Africa,2018,31.158,6.227,66.251
Rwanda,RWA,Africa,2019,30.776,6.137,66.437
S. Sudan,SSD,Africa,2010,40.18,11.68,54.812
S. Sudan,SSD,Africa,2011,40.255,11.6,54.94
S. Sudan,SSD,Africa,2012,39.872,11.104,55.865
S. Sudan,SSD,Africa,2013,39.27,11.136,55.751
S. Sudan,SSD,Africa,2014,38.48,11.493,54.973
S. Sudan,SSD,Africa,2015,36.325,11.072,55.566
S. Sudan,SSD,Africa,2016,35.15,11.01,55.544
S. Sudan,SSD,Africa,2017,32.651,11.01,55.309
S. Sudan,SSD,Africa,2018,30.147,10.584,55.95
S. Sudan,SSD,Africa,2019,29.058,10.531,55.912
Saint Kitts and Nevis,KNA,North America,2010,14.789,9.24,71.27
Saint Kitts and Nevis,KNA,North America,2011,14.53,9.362,71.538
Saint Kitts and Nevis,KNA,North America,2012,14.268,9.146,71.669
Saint Kitts and Nevis,KNA,North America,2013,13.975,9.284,71.457
Saint Kitts and Nevis,KNA,North America,2014,13.8,9.612,70.966
Saint Kitts and Nevis,KNA,North America,2015,13.583,9.763,70.763
Saint Kitts and Nevis,KNA,North America,2016,13.456,9.372,71.74
Saint Kitts and Nevis,KNA,North America,2017,13.211,9.443,71.84
Saint Kitts and Nevis,KNA,North America,2018,12.942,9.83,71.467
Saint Kitts and Nevis,KNA,North America,2019,12.693,9.91,71.572
Saint Lucia,LCA,North America,2010,12.618,7.32,72.72
Saint Lucia,LCA,North America,2011,12.55,7.34,72.944
Saint Lucia,LCA,North America,2012,12.496,7.479,72.882
Saint Lucia,LCA,North America,2013,12.444,7.645,72.735
Saint Lucia,LCA,North America,2014,12.393,7.724,72.864
Saint Lucia,LCA,North America,2015,12.321,7.706,73.138
Saint Lucia,LCA,North America,2016,12.229,7.848,73.112
Saint Lucia,LCA,North America,2017,12.114,7.968,73.127
Saint Lucia,LCA,North America,2018,11.986,7.976,73.357
Saint Lucia,LCA,North America,2019,11.834,8.068,73.445
Saint Martin,MAF,North America,2010,18.63,3.718,78.406
Saint Martin,MAF,North America,2011,18.562,3.72,78.827
Saint Martin,MAF,North America,2012,20.904,3.847,79.022
Saint Martin,MAF,North America,2013,19.986,4.068,78.908
Saint Martin,MAF,North America,2014,19.087,3.862,79.966
Saint Martin,MAF,North America,2015,18.462,4.257,79.309
Saint Martin,MAF,North America,2016,17.927,4.345,79.475
Saint Martin,MAF,North America,2017,17.423,4.747,78.59
Saint Martin,MAF,North America,2018,17.022,4.176,80.614
Saint Martin,MAF,North America,2019,16.483,4.661,79.983
Saint Vincent and the Grenadines,VCT,North America,2010,16.854,6.916,74.718
Saint Vincent and the Grenadines,VCT,North America,2011,16.484,7.187,74.596
Saint Vincent and the Grenadines,VCT,North America,2012,16.509,7.654,74.146
Saint Vincent and the Grenadines,VCT,North America,2013,16.312,7.98,73.798
Saint Vincent and the Grenadines,VCT,North America,2014,16.19,7.858,74.473
Saint Vincent and the Grenadines,VCT,North America,2015,15.891,8.105,74.407
Saint Vincent and the Grenadines,VCT,North America,2016,15.161,8.385,74.28
Saint Vincent and the Grenadines,VCT,North America,2017,14.269,8.592,74.305
Saint Vincent and the Grenadines,VCT,North America,2018,13.708,8.906,74.128
Saint Vincent and the Grenadines,VCT,North America,2019,13.346,10.1,72.835
Samoa,WSM,Oceania,2010,30.195,5.275,72.249
Samoa,WSM,Oceania,2011,30.466,5.308,72.26
Samoa,WSM,Oceania,2012,30.486,5.372,72.167
Samoa,WSM,Oceania,2013,30.155,5.299,72.391
Samoa,WSM,Oceania,2014,29.801,5.285,72.463
Samoa,WSM,Oceania,2015,29.4,5.281,72.515
Samoa,WSM,Oceania,2016,28.949,5.29,72.54
Samoa,WSM,Oceania,2017,28.579,5.29,72.59
Samoa,WSM,Oceania,2018,28.222,5.297,72.636
Samoa,WSM,Oceania,2019,27.895,5.5,72.157
San Marino,SMR,Europe,2010,10.3,6.5,0.0
San Marino,SMR,Europe,2011,10.0,6.8,0.0
San Marino,SMR,Europe,2012,8.7,7.1,0.0
San Marino,SMR,Europe,2013,9.7,7.5,0.0
San Marino,SMR,Europe,2014,9.1,7.7,0.0
San Marino,SMR,Europe,2015,8.2,7.1,0.0
San Marino,SMR,Europe,2016,7.9,7.6,0.0
San Marino,SMR,Europe,2017,6.7,8.2,0.0
San Marino,SMR,Europe,2018,6.8,7.1,0.0
San Marino,SMR,Europe,2019,6.7,7.2,0.0
Sao Tome and Principe,STP,Africa,2010,36.873,7.055,65.249
Sao Tome and Principe,STP,Africa,2011,36.628,7.145,64.902
Sao Tome and Principe,STP,Africa,2012,36.148,6.775,65.746
Sao Tome and Principe,STP,Africa,2013,35.159,6.552,66.328
Sao Tome and Principe,STP,Africa,2014,34.032,6.345,66.845
Sao Tome and Principe,STP,Africa,2015,32.754,6.198,67.249
Sao Tome and Principe,STP,Africa,2016,31.602,6.123,67.492
Sao Tome and Principe,STP,Africa,2017,30.41,5.863,68.267
Sao Tome and Principe,STP,Africa,2018,29.535,5.879,68.355
Sao Tome and Principe,STP,Africa,2019,28.917,5.876,68.523
Saudi Arabia,SAU,Asia,2010,21.894,2.498,75.763
Saudi Arabia,SAU,Asia,2011,21.634,2.413,76.234
Saudi Arabia,SAU,Asia,2012,21.245,2.415,76.461
Saudi Arabia,SAU,Asia,2013,20.754,2.443,76.626
Saudi Arabia,SAU,Asia,2014,20.161,2.488,76.757
Saudi Arabia,SAU,Asia,2015,19.524,2.542,76.918
Saudi Arabia,SAU,Asia,2016,18.972,2.605,77.064
Saudi Arabia,SAU,Asia,2017,18.903,2.64,77.16
Saudi Arabia,SAU,Asia,2018,18.703,2.655,77.212
Saudi Arabia,SAU,Asia,2019,18.451,2.656,77.304
Senegal,SEN,Africa,2010,37.74,7.19,64.615
Senegal,SEN,Africa,2011,37.502,6.894,65.262
Senegal,SEN,Africa,2012,37.207,6.78,65.457
Senegal,SEN,Africa,2013,36.817,6.503,66.072
Senegal,SEN,Africa,2014,36.322,6.318,66.452
Senegal,SEN,Africa,2015,35.357,6.109,66.879
Senegal,SEN,Africa,2016,34.673,5.84,67.497
Senegal,SEN,Africa,2017,34.224,5.721,67.75
Senegal,SEN,Africa,2018,33.955,5.579,68.097
Senegal,SEN,Africa,2019,33.47,5.409,68.526
Serbia,SRB,Europe,2010,9.4,14.2,74.33658537
Serbia,SRB,Europe,2011,9.1,14.2,74.53658537
Serbia,SRB,Europe,2012,9.3,14.2,74.83658537
Serbia,SRB,Europe,2013,9.2,14.0,75.18536585
Serbia,SRB,Europe,2014,9.3,14.2,75.33658537
Serbia,SRB,Europe,2015,9.3,14.6,75.28780488
Serbia,SRB,Europe,2016,9.2,14.3,75.68780488
Serbia,SRB,Europe,2017,9.2,14.8,75.53902439
Serbia,SRB,Europe,2018,9.2,14.6,75.8902439
Serbia,SRB,Europe,2019,9.3,14.6,75.93658537
Seychelles,SYC,Africa,2010,16.8,7.4,73.19756098
Seychelles,SYC,Africa,2011,18.6,7.9,72.72439024
Seychelles,SYC,Africa,2012,18.6,7.4,74.27560976
Seychelles,SYC,Africa,2013,17.4,8.0,73.1195122
Seychelles,SYC,Africa,2014,17.0,7.9,73.22926829
Seychelles,SYC,Africa,2015,17.0,7.5,74.29512195
Seychelles,SYC,Africa,2016,17.4,7.9,74.3097561
Seychelles,SYC,Africa,2017,17.2,7.8,74.3
Seychelles,SYC,Africa,2018,17.1,8.4,72.84146341
Seychelles,SYC,Africa,2019,16.4,8.1,74.04634146
Sierra Leone,SLE,Africa,2010,38.887,13.089,53.693
Sierra Leone,SLE,Africa,2011,38.282,12.481,54.62
Sierra Leone,SLE,Africa,2012,37.569,11.939,55.451
Sierra Leone,SLE,Africa,2013,36.473,11.372,56.313
Sierra Leone,SLE,Africa,2014,35.533,11.219,56.393
Sierra Leone,SLE,Africa,2015,34.558,10.712,57.189
Sierra Leone,SLE,Africa,2016,34.011,10.046,58.404
Sierra Leone,SLE,Africa,2017,33.568,9.88,58.652
Sierra Leone,SLE,Africa,2018,33.099,9.308,59.796
Sierra Leone,SLE,Africa,2019,32.549,9.065,60.255
Singapore,SGP,Asia,2010,9.3,4.4,81.54146341
Singapore,SGP,Asia,2011,9.5,4.5,81.74390244
Singapore,SGP,Asia,2012,10.1,4.5,81.99512195
Singapore,SGP,Asia,2013,9.3,4.6,82.24634146
Singapore,SGP,Asia,2014,9.8,4.7,82.49512195
Singapore,SGP,Asia,2015,9.7,4.8,82.74390244
Singapore,SGP,Asia,2016,9.4,4.8,82.84634146
Singapore,SGP,Asia,2017,8.9,5.0,83.09512195
Singapore,SGP,Asia,2018,8.8,5.0,83.29756098
Singapore,SGP,Asia,2019,8.8,5.0,83.59512195
Sint Maarten,SXM,North America,2010,13.1,4.1,75.132
Sint Maarten,SXM,North America,2011,12.9,5.1,74.684
Sint Maarten,SXM,North America,2012,12.0,5.4,74.608
Sint Maarten,SXM,North America,2013,14.0,4.7,74.917
Sint Maarten,SXM,North America,2014,14.1,4.7,76.773
Sint Maarten,SXM,North America,2015,12.9,5.4,76.954
Sint Maarten,SXM,North America,2016,11.5,4.1,76.598
Sint Maarten,SXM,North America,2017,9.0,4.2,75.03
Sint Maarten,SXM,North America,2018,10.1,4.0,75.131
Sint Maarten,SXM,North America,2019,9.6,4.7,75.437
Slovakia,SVK,Europe,2010,11.2,9.9,75.11219512
Slovakia,SVK,Europe,2011,11.3,9.6,75.95853659
Slovakia,SVK,Europe,2012,10.3,9.7,76.1097561
Slovakia,SVK,Europe,2013,10.1,9.6,76.41219512
Slovakia,SVK,Europe,2014,10.2,9.5,76.81219512
Slovakia,SVK,Europe,2015,10.3,9.9,76.56341463
Slovakia,SVK,Europe,2016,10.6,9.6,77.16585366
Slovakia,SVK,Europe,2017,10.7,9.9,77.16585366
Slovakia,SVK,Europe,2018,10.6,10.0,77.26585366
Slovakia,SVK,Europe,2019,10.5,9.8,77.66585366
Slovenia,SVN,Europe,2010,10.9,9.1,79.42195122
Slovenia,SVN,Europe,2011,10.7,9.1,79.97073171
Slovenia,SVN,Europe,2012,10.7,9.4,80.12439024
Slovenia,SVN,Europe,2013,10.2,9.4,80.32195122
Slovenia,SVN,Europe,2014,10.3,9.2,81.07804878
Slovenia,SVN,Europe,2015,10.0,9.6,80.77560976
Slovenia,SVN,Europe,2016,9.9,9.5,81.17560976
Slovenia,SVN,Europe,2017,9.8,9.9,81.02926829
Slovenia,SVN,Europe,2018,9.4,9.9,81.37804878
Slovenia,SVN,Europe,2019,9.3,9.9,81.52926829
Solomon Islands,SLB,Oceania,2010,33.641,5.614,68.732
Solomon Islands,SLB,Oceania,2011,33.633,5.544,68.908
Solomon Islands,SLB,Oceania,2012,33.619,5.468,69.084
Solomon Islands,SLB,Oceania,2013,33.585,5.421,69.188
Solomon Islands,SLB,Oceania,2014,33.477,5.407,69.234
Solomon Islands,SLB,Oceania,2015,32.928,5.26,69.583
Solomon Islands,SLB,Oceania,2016,32.379,5.176,69.801
Solomon Islands,SLB,Oceania,2017,31.743,5.11,69.988
Solomon Islands,SLB,Oceania,2018,31.219,5.052,70.173
Solomon Islands,SLB,Oceania,2019,30.762,4.989,70.382
Somalia,SOM,Africa,2010,47.696,15.358,50.563
Somalia,SOM,Africa,2011,47.53,14.856,51.304
Somalia,SOM,Africa,2012,47.282,13.568,53.161
Somalia,SOM,Africa,2013,46.995,13.129,53.843
Somalia,SOM,Africa,2014,46.747,12.81,54.277
Somalia,SOM,Africa,2015,46.474,12.447,54.857
Somalia,SOM,Africa,2016,46.156,12.275,55.044
Somalia,SOM,Africa,2017,45.457,11.891,55.654
Somalia,SOM,Africa,2018,44.992,11.444,56.375
Somalia,SOM,Africa,2019,44.564,11.041,57.078
South Africa,ZAF,Africa,2010,22.274,11.257,58.899
South Africa,ZAF,Africa,2011,22.282,10.592,60.651
South Africa,ZAF,Africa,2012,22.353,9.993,61.846
South Africa,ZAF,Africa,2013,22.177,9.77,62.533
South Africa,ZAF,Africa,2014,22.057,9.432,63.38
South Africa,ZAF,Africa,2015,21.3,9.259,63.95
South Africa,ZAF,Africa,2016,20.25,8.924,64.747
South Africa,ZAF,Africa,2017,20.643,8.802,65.402
South Africa,ZAF,Africa,2018,21.137,8.765,65.674
South Africa,ZAF,Africa,2019,21.276,8.614,66.175
South Korea,KOR,Asia,2010,9.4,5.1,80.11707317
South Korea,KOR,Asia,2011,9.4,5.1,80.56829268
South Korea,KOR,Asia,2012,9.6,5.3,80.8195122
South Korea,KOR,Asia,2013,8.6,5.3,81.27073171
South Korea,KOR,Asia,2014,8.6,5.3,81.72195122
South Korea,KOR,Asia,2015,8.6,5.4,82.02439024
South Korea,KOR,Asia,2016,7.9,5.5,82.27560976
South Korea,KOR,Asia,2017,7.0,5.6,82.62682927
South Korea,KOR,Asia,2018,6.4,5.8,82.62682927
South Korea,KOR,Asia,2019,5.9,5.7,83.22682927
Spain,ESP,Europe,2010,10.4,8.2,81.62682927
Spain,ESP,Europe,2011,10.1,8.3,82.47560976
Spain,ESP,Europe,2012,9.7,8.6,82.42682927
Spain,ESP,Europe,2013,9.1,8.3,83.07804878
Spain,ESP,Europe,2014,9.2,8.5,83.22926829
Spain,ESP,Europe,2015,9.0,9.1,82.83170732
Spain,ESP,Europe,2016,8.8,8.8,83.32926829
Spain,ESP,Europe,2017,8.4,9.1,83.28292683
Spain,ESP,Europe,2018,7.9,9.1,83.43170732
Spain,ESP,Europe,2019,7.6,8.8,83.83170732
Sri Lanka,LKA,Asia,2010,17.553,7.369,73.215
Sri Lanka,LKA,Asia,2011,17.512,7.371,73.38
Sri Lanka,LKA,Asia,2012,17.318,7.181,73.906
Sri Lanka,LKA,Asia,2013,17.005,7.092,74.239
Sri Lanka,LKA,Asia,2014,16.396,6.979,74.651
Sri Lanka,LKA,Asia,2015,15.886,6.98,74.927
Sri Lanka,LKA,Asia,2016,15.496,6.896,75.331
Sri Lanka,LKA,Asia,2017,15.17,7.029,75.403
Sri Lanka,LKA,Asia,2018,14.805,7.037,75.748
Sri Lanka,LKA,Asia,2019,14.534,7.072,76.008
Sudan,SDN,Africa,2010,37.497,7.648,63.016
Sudan,SDN,Africa,2011,36.91,7.541,63.246
Sudan,SDN,Africa,2012,36.316,7.312,63.792
Sudan,SDN,Africa,2013,36.327,7.36,63.678
Sudan,SDN,Africa,2014,36.349,7.143,64.269
Sudan,SDN,Africa,2015,36.413,7.012,64.659
Sudan,SDN,Africa,2016,36.038,6.974,64.78
Sudan,SDN,Africa,2017,35.669,6.728,65.445
Sudan,SDN,Africa,2018,35.236,6.647,65.681
Sudan,SDN,Africa,2019,34.823,6.586,65.876
Suriname,SUR,South America,2010,20.361,7.109,69.894
Suriname,SUR,South America,2011,20.06,7.217,69.914
Suriname,SUR,South America,2012,19.792,7.418,69.764
Suriname,SUR,South America,2013,19.547,7.582,69.682
Suriname,SUR,South America,2014,19.334,7.646,69.782
Suriname,SUR,South America,2015,19.127,7.215,70.8
Suriname,SUR,South America,2016,18.912,6.941,71.592
Suriname,SUR,South America,2017,18.758,6.672,72.417
Suriname,SUR,South America,2018,18.577,6.753,72.553
Suriname,SUR,South America,2019,18.409,7.06,72.242
Sweden,SWE,Europe,2010,12.3,9.6,81.45121951
Sweden,SWE,Europe,2011,11.8,9.5,81.80243902
Sweden,SWE,Europe,2012,11.9,9.7,81.70487805
Sweden,SWE,Europe,2013,11.8,9.4,81.95609756
Sweden,SWE,Europe,2014,11.9,9.2,82.25365854
Sweden,SWE,Europe,2015,11.7,9.3,82.20487805
Sweden,SWE,Europe,2016,11.8,9.2,82.30731707
Sweden,SWE,Europe,2017,11.5,9.1,82.4097561
Sweden,SWE,Europe,2018,11.4,9.1,82.55853659
Sweden,SWE,Europe,2019,11.1,8.6,83.1097561
Switzerland,CHE,Europe,2010,10.3,8.0,82.24634146
Switzerland,CHE,Europe,2011,10.2,7.8,82.69512195
Switzerland,CHE,Europe,2012,10.3,8.0,82.69756098
Switzerland,CHE,Europe,2013,10.2,8.0,82.79756098
Switzerland,CHE,Europe,2014,10.4,7.8,83.19756098
Switzerland,CHE,Europe,2015,10.5,8.2,82.89756098
Switzerland,CHE,Europe,2016,10.5,7.8,83.60243902
Switzerland,CHE,Europe,2017,10.3,7.9,83.55121951
Switzerland,CHE,Europe,2018,10.3,7.9,83.75365854
Switzerland,CHE,Europe,2019,10.0,7.9,83.90487805
Syria,SYR,Asia,2010,28.675,3.701,73.881
Syria,SYR,Asia,2011,27.52,3.934,73.305
Syria,SYR,Asia,2012,26.618,6.417,66.769
Syria,SYR,Asia,2013,25.2,7.696,63.827
Syria,SYR,Asia,2014,22.39,8.072,63.153
Syria,SYR,Asia,2015,20.233,7.297,65.124
Syria,SYR,Asia,2016,18.874,6.999,65.993
Syria,SYR,Asia,2017,18.568,6.033,68.481
Syria,SYR,Asia,2018,18.155,5.554,70.145
Syria,SYR,Asia,2019,18.883,5.033,71.822
Tajikistan,TJK,Asia,2010,31.045,5.934,67.742
Tajikistan,TJK,Asia,2011,31.274,5.808,68.148
Tajikistan,TJK,Asia,2012,31.169,5.7,68.484
Tajikistan,TJK,Asia,2013,31.34,5.563,68.885
Tajikistan,TJK,Asia,2014,31.432,5.512,69.069
Tajikistan,TJK,Asia,2015,31.228,5.43,69.306
Tajikistan,TJK,Asia,2016,30.213,5.325,69.549
Tajikistan,TJK,Asia,2017,28.932,5.172,69.905
Tajikistan,TJK,Asia,2018,28.688,5.014,70.353
Tajikistan,TJK,Asia,2019,28.267,4.843,70.867
Tanzania,TZA,Africa,2010,39.729,8.88,60.105
Tanzania,TZA,Africa,2011,39.076,8.435,61.049
Tanzania,TZA,Africa,2012,38.329,7.992,62.03
Tanzania,TZA,Africa,2013,38.721,7.615,62.96
Tanzania,TZA,Africa,2014,38.893,7.252,63.873
Tanzania,TZA,Africa,2015,38.741,6.959,64.651
Tanzania,TZA,Africa,2016,38.379,6.65,65.386
Tanzania,TZA,Africa,2017,38.058,6.402,65.999
Tanzania,TZA,Africa,2018,37.525,6.177,66.535
Tanzania,TZA,Africa,2019,37.113,6.012,66.989
Thailand,THA,Asia,2010,11.926,6.307,76.131
Thailand,THA,Asia,2011,11.95,6.393,76.421
Thailand,THA,Asia,2012,11.754,6.464,76.772
Thailand,THA,Asia,2013,11.374,6.547,77.083
Thailand,THA,Asia,2014,11.004,6.627,77.415
Thailand,THA,Asia,2015,10.607,6.724,77.717
Thailand,THA,Asia,2016,10.26,6.814,78.049
Thailand,THA,Asia,2017,9.98,6.897,78.394
Thailand,THA,Asia,2018,9.662,7.027,78.662
Thailand,THA,Asia,2019,9.377,7.14,78.975
Timor-Leste,TLS,Asia,2010,31.39,7.951,65.304
Timor-Leste,TLS,Asia,2011,30.667,7.895,65.697
Timor-Leste,TLS,Asia,2012,29.822,7.747,66.081
Timor-Leste,TLS,Asia,2013,29.144,7.644,66.44
Timor-Leste,TLS,Asia,2014,28.429,7.579,66.787
Timor-Leste,TLS,Asia,2015,27.7,7.549,67.137
Timor-Leste,TLS,Asia,2016,27.018,7.343,67.446
Timor-Leste,TLS,Asia,2017,26.487,7.163,67.745
Timor-Leste,TLS,Asia,2018,25.921,7.012,68.017
Timor-Leste,TLS,Asia,2019,25.511,6.888,68.268
Togo,TGO,Africa,2010,37.351,10.326,57.304
Togo,TGO,Africa,2011,36.632,9.98,57.925
Togo,TGO,Africa,2012,35.846,9.866,58.073
Togo,TGO,Africa,2013,35.308,9.537,58.684
Togo,TGO,Africa,2014,34.827,9.438,58.853
Togo,TGO,Africa,2015,34.392,9.165,59.396
Togo,TGO,Africa,2016,34.099,9.092,59.55
Togo,TGO,Africa,2017,33.656,8.803,60.154
Togo,TGO,Africa,2018,33.186,8.766,60.244
Togo,TGO,Africa,2019,32.756,8.465,60.901
Tonga,TON,Oceania,2010,27.266,6.605,70.323
Tonga,TON,Oceania,2011,26.943,6.624,70.381
Tonga,TON,Oceania,2012,26.505,6.636,70.442
Tonga,TON,Oceania,2013,26.104,6.686,70.505
Tonga,TON,Oceania,2014,25.68,6.744,70.54
Tonga,TON,Oceania,2015,25.171,6.782,70.607
Tonga,TON,Oceania,2016,24.543,6.817,70.661
Tonga,TON,Oceania,2017,24.015,6.855,70.713
Tonga,TON,Oceania,2018,23.625,6.888,70.779
Tonga,TON,Oceania,2019,23.424,6.909,70.871
Trinidad and Tobago,TTO,North America,2010,14.842,6.708,72.725
Trinidad and Tobago,TTO,North America,2011,14.781,6.618,73.278
Trinidad and Tobago,TTO,North America,2012,14.572,6.596,73.716
Trinidad and Tobago,TTO,North America,2013,14.282,6.662,73.962
Trinidad and Tobago,TTO,North America,2014,13.958,6.739,74.215
Trinidad and Tobago,TTO,North America,2015,13.604,6.797,74.503
Trinidad and Tobago,TTO,North America,2016,13.292,7.134,74.281
Trinidad and Tobago,TTO,North America,2017,12.909,7.386,74.23
Trinidad and Tobago,TTO,North America,2018,12.557,7.783,73.802
Trinidad and Tobago,TTO,North America,2019,12.359,7.701,74.228
Tunisia,TUN,Africa,2010,18.211,5.329,75.421
Tunisia,TUN,Africa,2011,18.934,5.441,75.46
Tunisia,TUN,Africa,2012,19.184,5.519,75.55
Tunisia,TUN,Africa,2013,19.33,5.591,75.65
Tunisia,TUN,Africa,2014,19.303,5.715,75.65
Tunisia,TUN,Africa,2015,19.119,5.811,75.692
Tunisia,TUN,Africa,2016,18.78,5.883,75.786
Tunisia,TUN,Africa,2017,18.399,5.974,75.845
Tunisia,TUN,Africa,2018,17.737,6.04,75.95
Tunisia,TUN,Africa,2019,17.215,6.145,75.993
Turkey,TUR,Asia,2010,17.746,5.251,75.069
Turkey,TUR,Asia,2011,17.638,5.44,74.941
Turkey,TUR,Asia,2012,17.664,5.205,75.678
Turkey,TUR,Asia,2013,17.737,5.04,76.297
Turkey,TUR,Asia,2014,17.972,5.046,76.565
Turkey,TUR,Asia,2015,17.939,5.125,76.646
Turkey,TUR,Asia,2016,17.739,5.234,76.66
Turkey,TUR,Asia,2017,17.368,5.129,77.141
Turkey,TUR,Asia,2018,16.481,5.065,77.563
Turkey,TUR,Asia,2019,15.594,5.084,77.832
Turkmenistan,TKM,Asia,2010,25.273,6.377,68.293
Turkmenistan,TKM,Asia,2011,25.969,6.356,68.567
Turkmenistan,TKM,Asia,2012,26.452,6.379,68.722
Turkmenistan,TKM,Asia,2013,26.627,6.447,68.74
Turkmenistan,TKM,Asia,2014,26.502,6.567,68.614
Turkmenistan,TKM,Asia,2015,26.071,6.53,68.782
Turkmenistan,TKM,Asia,2016,25.424,6.574,68.777
Turkmenistan,TKM,Asia,2017,24.648,6.537,68.916
Turkmenistan,TKM,Asia,2018,23.845,6.639,68.796
Turkmenistan,TKM,Asia,2019,23.055,6.583,69.002
Turks and Caicos Islands,TCA,North America,2010,13.702,5.592,76.243
Turks and Caicos Islands,TCA,North America,2011,13.488,6.047,76.195
Turks and Caicos Islands,TCA,North America,2012,13.258,6.157,77.037
Turks and Caicos Islands,TCA,North America,2013,13.042,6.408,77.018
Turks and Caicos Islands,TCA,North America,2014,12.808,6.559,77.135
Turks and Caicos Islands,TCA,North America,2015,12.816,6.833,76.912
Turks and Caicos Islands,TCA,North America,2016,13.216,7.083,76.864
Turks and Caicos Islands,TCA,North America,2017,13.308,7.328,76.702
Turks and Caicos Islands,TCA,North America,2018,13.13,7.651,76.443
Turks and Caicos Islands,TCA,North America,2019,12.849,8.458,75.326
Tuvalu,TUV,Oceania,2010,22.32,9.988,63.978
Tuvalu,TUV,Oceania,2011,22.512,10.021,63.974
Tuvalu,TUV,Oceania,2012,22.741,10.055,63.964
Tuvalu,TUV,Oceania,2013,22.296,10.046,64.008
Tuvalu,TUV,Oceania,2014,22.265,10.098,64.025
Tuvalu,TUV,Oceania,2015,22.359,10.126,64.06
Tuvalu,TUV,Oceania,2016,22.659,10.111,64.108
Tuvalu,TUV,Oceania,2017,22.999,10.082,64.148
Tuvalu,TUV,Oceania,2018,23.508,10.107,64.212
Tuvalu,TUV,Oceania,2019,23.619,10.161,64.278
Uganda,UGA,Africa,2010,43.068,8.832,57.055
Uganda,UGA,Africa,2011,42.434,8.319,57.965
Uganda,UGA,Africa,2012,41.743,7.843,58.817
Uganda,UGA,Africa,2013,40.943,7.35,59.763
Uganda,UGA,Africa,2014,40.154,6.99,60.408
Uganda,UGA,Africa,2015,39.422,6.648,61.086
Uganda,UGA,Africa,2016,38.709,6.368,61.648
Uganda,UGA,Africa,2017,38.343,6.169,62.115
Uganda,UGA,Africa,2018,38.062,5.939,62.714
Uganda,UGA,Africa,2019,37.667,5.823,62.991
Ukraine,UKR,Europe,2010,10.8,15.2,70.26536585
Ukraine,UKR,Europe,2011,11.0,14.5,70.80926829
Ukraine,UKR,Europe,2012,11.4,14.5,70.94414634
Ukraine,UKR,Europe,2013,11.1,14.6,71.1595122
Ukraine,UKR,Europe,2014,10.8,14.7,71.18658537
Ukraine,UKR,Europe,2015,10.7,14.9,71.1895122
Ukraine,UKR,Europe,2016,10.3,14.7,71.47634146
Ukraine,UKR,Europe,2017,9.4,14.5,71.78097561
Ukraine,UKR,Europe,2018,8.7,14.8,71.58268293
Ukraine,UKR,Europe,2019,8.1,14.7,71.82731707
United Arab Emirates,ARE,Asia,2010,13.665,0.795,78.334
United Arab Emirates,ARE,Asia,2011,13.292,0.82,78.517
United Arab Emirates,ARE,Asia,2012,12.911,0.85,78.716
United Arab Emirates,ARE,Asia,2013,12.438,0.896,78.853
United Arab Emirates,ARE,Asia,2014,11.989,0.948,79.044
United Arab Emirates,ARE,Asia,2015,11.478,1.014,79.223
United Arab Emirates,ARE,Asia,2016,10.993,1.102,79.335
United Arab Emirates,ARE,Asia,2017,10.62,1.202,79.504
United Arab Emirates,ARE,Asia,2018,10.049,1.324,79.627
United Arab Emirates,ARE,Asia,2019,9.75,1.471,79.726
United Kingdom,GBR,Europe,2010,12.9,8.9,80.40243902
United Kingdom,GBR,Europe,2011,12.8,8.7,80.95121951
United Kingdom,GBR,Europe,2012,12.8,8.9,80.90487805
United Kingdom,GBR,Europe,2013,12.1,9.0,81.00487805
United Kingdom,GBR,Europe,2014,12.0,8.8,81.30487805
United Kingdom,GBR,Europe,2015,11.9,9.2,80.95609756
United Kingdom,GBR,Europe,2016,11.8,9.1,81.15609756
United Kingdom,GBR,Europe,2017,11.4,9.2,81.25609756
United Kingdom,GBR,Europe,2018,11.0,9.2,81.25609756
United Kingdom,GBR,Europe,2019,10.7,9.0,81.40487805
United States Virgin Islands,VIR,North America,2010,14.8,6.6,77.86585366
United States Virgin Islands,VIR,North America,2011,13.8,6.6,78.31707317
United States Virgin Islands,VIR,North America,2012,13.1,6.7,78.51707317
United States Virgin Islands,VIR,North America,2013,13.1,6.9,78.71707317
United States Virgin Islands,VIR,North America,2014,13.2,7.1,78.86829268
United States Virgin Islands,VIR,North America,2015,13.2,7.3,79.01707317
United States Virgin Islands,VIR,North America,2016,13.0,7.5,79.16829268
United States Virgin Islands,VIR,North America,2017,12.8,7.7,79.36829268
United States Virgin Islands,VIR,North America,2018,12.6,7.9,79.5195122
United States Virgin Islands,VIR,North America,2019,12.3,8.2,79.66829268
United States of America,USA,North America,2010,13.0,7.995,78.54146341
United States of America,USA,North America,2011,12.7,8.073,78.64146341
United States of America,USA,North America,2012,12.6,8.102,78.74146341
United States of America,USA,North America,2013,12.4,8.215,78.74146341
United States of America,USA,North America,2014,12.5,8.237,78.84146341
United States of America,USA,North America,2015,12.4,8.44,78.6902439
United States of America,USA,North America,2016,12.2,8.493,78.53902439
United States of America,USA,North America,2017,11.8,8.638,78.53902439
United States of America,USA,North America,2018,11.6,8.678,78.63902439
United States of America,USA,North America,2019,11.4,8.7,78.78780488
Uruguay,URY,South America,2010,14.264,9.369,76.858
Uruguay,URY,South America,2011,14.223,9.402,76.983
Uruguay,URY,South America,2012,14.196,9.434,77.111
Uruguay,URY,South America,2013,14.197,9.468,77.24
Uruguay,URY,South America,2014,14.082,9.508,77.366
Uruguay,URY,South America,2015,14.216,9.559,77.483
Uruguay,URY,South America,2016,13.64,9.628,77.571
Uruguay,URY,South America,2017,12.579,9.724,77.625
Uruguay,URY,South America,2018,11.605,9.863,77.611
Uruguay,URY,South America,2019,10.822,10.057,77.508
Uzbekistan,UZB,Asia,2010,22.0,4.8,69.235
Uzbekistan,UZB,Asia,2011,21.2,4.9,69.649
Uzbekistan,UZB,Asia,2012,21.0,4.9,69.874
Uzbekistan,UZB,Asia,2013,22.5,4.8,69.99
Uzbekistan,UZB,Asia,2014,23.3,4.9,70.234
Uzbekistan,UZB,Asia,2015,23.5,4.9,70.475
Uzbekistan,UZB,Asia,2016,22.8,4.9,70.755
Uzbekistan,UZB,Asia,2017,22.1,5.0,71.01
Uzbekistan,UZB,Asia,2018,23.3,4.7,71.149
Uzbekistan,UZB,Asia,2019,24.3,4.6,71.344
Vanuatu,VUT,Oceania,2010,33.056,6.056,69.617
Vanuatu,VUT,Oceania,2011,33.279,6.061,69.551
Vanuatu,VUT,Oceania,2012,33.249,6.072,69.497
Vanuatu,VUT,Oceania,2013,33.087,6.041,69.534
Vanuatu,VUT,Oceania,2014,32.855,6.048,69.465
Vanuatu,VUT,Oceania,2015,32.42,6.001,69.513
Vanuatu,VUT,Oceania,2016,32.029,5.921,69.65
Vanuatu,VUT,Oceania,2017,31.484,5.829,69.71
Vanuatu,VUT,Oceania,2018,30.889,5.739,69.795
Vanuatu,VUT,Oceania,2019,30.4,5.663,69.877
Venezuela,VEN,South America,2010,20.805,5.568,72.89
Venezuela,VEN,South America,2011,20.466,5.649,72.913
Venezuela,VEN,South America,2012,20.143,5.683,73.036
Venezuela,VEN,South America,2013,19.827,5.711,73.196
Venezuela,VEN,South America,2014,19.507,5.971,72.853
Venezuela,VEN,South America,2015,19.201,5.996,73.006
Venezuela,VEN,South America,2016,18.898,6.574,72.058
Venezuela,VEN,South America,2017,18.502,6.735,71.943
Venezuela,VEN,South America,2018,17.832,6.864,71.979
Venezuela,VEN,South America,2019,16.888,7.017,72.161
Vietnam,VNM,Asia,2010,16.906,6.193,73.513
Vietnam,VNM,Asia,2011,16.929,6.195,73.692
Vietnam,VNM,Asia,2012,17.078,6.275,73.704
Vietnam,VNM,Asia,2013,17.152,6.327,73.775
Vietnam,VNM,Asia,2014,16.981,6.373,73.855
Vietnam,VNM,Asia,2015,16.787,6.444,73.876
Vietnam,VNM,Asia,2016,16.438,6.495,73.938
Vietnam,VNM,Asia,2017,16.1,6.577,73.963
Vietnam,VNM,Asia,2018,15.873,6.663,73.976
Vietnam,VNM,Asia,2019,15.663,6.706,74.093
Yemen,YEM,Asia,2010,35.791,5.602,67.28
Yemen,YEM,Asia,2011,35.49,5.554,67.419
Yemen,YEM,Asia,2012,35.125,5.582,67.343
Yemen,YEM,Asia,2013,34.794,5.507,67.545
Yemen,YEM,Asia,2014,34.428,5.566,67.384
Yemen,YEM,Asia,2015,33.933,6.137,65.873
Yemen,YEM,Asia,2016,33.348,6.052,66.064
Yemen,YEM,Asia,2017,32.713,6.082,65.957
Yemen,YEM,Asia,2018,32.305,6.629,64.575
Yemen,YEM,Asia,2019,31.778,6.416,65.092
Zambia,ZMB,Africa,2010,41.794,9.219,56.799
Zambia,ZMB,Africa,2011,41.162,8.763,57.771
Zambia,ZMB,Africa,2012,40.352,8.267,58.867
Zambia,ZMB,Africa,2013,39.507,7.788,59.878
Zambia,ZMB,Africa,2014,38.584,7.408,60.699
Zambia,ZMB,Africa,2015,37.832,7.196,61.208
Zambia,ZMB,Africa,2016,37.242,6.941,61.794
Zambia,ZMB,Africa,2017,36.601,6.809,62.12
Zambia,ZMB,Africa,2018,36.04,6.748,62.342
Zambia,ZMB,Africa,2019,35.462,6.571,62.793
Zimbabwe,ZWE,Africa,2010,37.056,13.281,50.652
Zimbabwe,ZWE,Africa,2011,37.205,11.857,53.347
Zimbabwe,ZWE,Africa,2012,36.804,10.691,55.626
Zimbabwe,ZWE,Africa,2013,36.246,9.787,57.458
Zimbabwe,ZWE,Africa,2014,35.122,9.123,58.846
Zimbabwe,ZWE,Africa,2015,33.96,8.774,59.591
Zimbabwe,ZWE,Africa,2016,33.171,8.441,60.306
Zimbabwe,ZWE,Africa,2017,32.516,8.266,60.709
Zimbabwe,ZWE,Africa,2018,32.074,7.972,61.414
Zimbabwe,ZWE,Africa,2019,31.518,8.043,61.292
eSwatini,SWZ,Africa,2010,30.083,15.911,46.619
eSwatini,SWZ,Africa,2011,29.665,14.926,48.195
eSwatini,SWZ,Africa,2012,29.294,13.946,49.835
eSwatini,SWZ,Africa,2013,29.019,13.019,51.486
eSwatini,SWZ,Africa,2014,28.423,12.193,53.05
eSwatini,SWZ,Africa,2015,27.737,11.202,55.019
eSwatini,SWZ,Africa,2016,27.105,10.45,56.659
eSwatini,SWZ,Africa,2017,26.408,9.936,57.895
eSwatini,SWZ,Africa,2018,25.718,9.324,59.411
eSwatini,SWZ,Africa,2019,25.118,8.923,60.549
