Country Name,Country Code,Continent,Year,Birth Rate,Death Rate
Burundi,BDI,Africa,2018,37.011,7.648
Burundi,BDI,Africa,2019,36.323,7.352
Burundi,BDI,Africa,2020,35.603,7.562
Burundi,BDI,Africa,2021,34.842,7.474
Comoros,COM,Africa,2018,30.859,8.235
Comoros,COM,Africa,2019,30.4,8.203
Comoros,COM,Africa,2020,29.896,8.274
Comoros,COM,Africa,2021,29.398,8.718
Djibouti,DJI,Africa,2018,22.982,8.347
Djibouti,DJI,Africa,2019,22.748,8.421
Djibouti,DJI,Africa,2020,22.477,8.821
Djibouti,DJI,Africa,2021,22.205,9.147
Eritrea,ERI,Africa,2018,29.105,6.353
Eritrea,ERI,Africa,2019,28.941,6.309
Eritrea,ERI,Africa,2020,28.706,6.424
Eritrea,ERI,Africa,2021,28.624,6.729
Ethiopia,ETH,Africa,2018,32.996,6.569
Ethiopia,ETH,Africa,2019,33.123,6.439
Ethiopia,ETH,Africa,2020,32.78,6.616
Ethiopia,ETH,Africa,2021,32.383,6.776
Kenya,KEN,Africa,2018,29.18,7.305
Kenya,KEN,Africa,2019,28.46,7.29
Kenya,KEN,Africa,2020,27.998,7.456
Kenya,KEN,Africa,2021,27.685,8.056
Madagascar,MDG,Africa,2018,32.088,6.736
Madagascar,MDG,Africa,2019,31.701,6.518
Madagascar,MDG,Africa,2020,31.343,6.801
Madagascar,MDG,Africa,2021,30.949,7.104
Malawi,MWI,Africa,2018,33.925,6.955
Malawi,MWI,Africa,2019,33.598,6.611
Malawi,MWI,Africa,2020,33.233,6.706
Malawi,MWI,Africa,2021,32.859,6.983
Mauritius,MUS,Africa,2018,10.361,8.32
Mauritius,MUS,Africa,2019,10.243,8.399
Mauritius,MUS,Africa,2020,10.37,8.661
Mauritius,MUS,Africa,2021,10.343,9.643
Mozambique,MOZ,Africa,2018,37.753,8.337
Mozambique,MOZ,Africa,2019,37.345,8.04
Mozambique,MOZ,Africa,2020,36.974,8.004
Mozambique,MOZ,Africa,2021,36.598,8.793
Rwanda,RWA,Africa,2018,31.158,6.227
Rwanda,RWA,Africa,2019,30.776,6.137
Rwanda,RWA,Africa,2020,30.309,5.998
Rwanda,RWA,Africa,2021,29.976,6.28
Seychelles,SYC,Africa,2018,16.856,7.108
Seychelles,SYC,Africa,2019,16.348,7.105
Seychelles,SYC,Africa,2020,15.823,7.261
Seychelles,SYC,Africa,2021,15.433,8.973
Somalia,SOM,Africa,2018,44.992,11.444
Somalia,SOM,Africa,2019,44.564,11.041
Somalia,SOM,Africa,2020,44.007,11.39
Somalia,SOM,Africa,2021,43.561,11.596
S. Sudan,SSD,Africa,2018,30.147,10.584
S. Sudan,SSD,Africa,2019,29.058,10.531
S. Sudan,SSD,Africa,2020,29.166,10.759
S. Sudan,SSD,Africa,2021,29.107,11.05
Uganda,UGA,Africa,2018,38.062,5.939
Uganda,UGA,Africa,2019,37.667,5.823
Uganda,UGA,Africa,2020,37.252,5.852
Uganda,UGA,Africa,2021,36.795,5.877
Tanzania,TZA,Africa,2018,37.525,6.177
Tanzania,TZA,Africa,2019,37.113,6.012
Tanzania,TZA,Africa,2020,36.651,6.179
Tanzania,TZA,Africa,2021,36.21,6.222
Zambia,ZMB,Africa,2018,36.04,6.748
Zambia,ZMB,Africa,2019,35.462,6.571
Zambia,ZMB,Africa,2020,34.953,6.602
Zambia,ZMB,Africa,2021,34.511,6.973
Zimbabwe,ZWE,Africa,2018,32.074,7.972
Zimbabwe,ZWE,Africa,2019,31.518,8.043
Zimbabwe,ZWE,Africa,2020,31.009,8.132
Zimbabwe,ZWE,Africa,2021,30.537,9.057
Angola,AGO,Africa,2018,40.236,7.99
Angola,AGO,Africa,2019,39.725,7.811
Angola,AGO,Africa,2020,39.271,7.821
Angola,AGO,Africa,2021,38.809,8.009
Cameroon,CMR,Africa,2018,36.716,8.379
Cameroon,CMR,Africa,2019,36.147,8.16
Cameroon,CMR,Africa,2020,35.507,8.419
Cameroon,CMR,Africa,2021,34.938,8.582
Central African Republic,CAF,Africa,2018,41.831,11.23
Central African Republic,CAF,Africa,2019,41.92,10.873
Central African Republic,CAF,Africa,2020,42.175,11.041
Central African Republic,CAF,Africa,2021,42.68,11.393
Chad,TCD,Africa,2018,44.37,12.671
Chad,TCD,Africa,2019,44.229,12.369
Chad,TCD,Africa,2020,43.849,12.486
Chad,TCD,Africa,2021,43.357,12.504
Congo,COG,Africa,2018,32.337,6.797
Congo,COG,Africa,2019,31.676,7.388
Congo,COG,Africa,2020,31.155,6.923
Congo,COG,Africa,2021,30.691,7.063
Democratic Republic of the Congo,COD,Africa,2018,42.989,9.573
Democratic Republic of the Congo,COD,Africa,2019,42.656,9.38
Democratic Republic of the Congo,COD,Africa,2020,42.311,9.537
Democratic Republic of the Congo,COD,Africa,2021,42.049,9.7
Equatorial Guinea,GNQ,Africa,2018,32.667,8.85
Equatorial Guinea,GNQ,Africa,2019,31.874,8.582
Equatorial Guinea,GNQ,Africa,2020,31.174,9.026
Equatorial Guinea,GNQ,Africa,2021,30.498,9.042
Gabon,GAB,Africa,2018,29.004,6.986
Gabon,GAB,Africa,2019,28.354,6.856
Gabon,GAB,Africa,2020,27.695,6.909
Gabon,GAB,Africa,2021,27.142,7.258
Sao Tome and Principe,STP,Africa,2018,29.535,5.879
Sao Tome and Principe,STP,Africa,2019,28.917,5.876
Sao Tome and Principe,STP,Africa,2020,28.435,6.294
Sao Tome and Principe,STP,Africa,2021,28.263,6.387
Algeria,DZA,Africa,2018,24.074,4.482
Algeria,DZA,Africa,2019,23.298,4.392
Algeria,DZA,Africa,2020,22.431,5.398
Algeria,DZA,Africa,2021,21.524,4.546
Egypt,EGY,Africa,2018,24.562,5.511
Egypt,EGY,Africa,2019,23.568,5.581
Egypt,EGY,Africa,2020,23.051,5.851
Egypt,EGY,Africa,2021,22.558,6.327
Libya,LBY,Africa,2018,19.282,5.245
Libya,LBY,Africa,2019,18.732,5.454
Libya,LBY,Africa,2020,18.302,5.598
Libya,LBY,Africa,2021,17.828,6.018
Morocco,MAR,Africa,2018,18.813,5.637
Morocco,MAR,Africa,2019,18.337,5.658
Morocco,MAR,Africa,2020,17.889,6.073
Morocco,MAR,Africa,2021,17.545,6.17
Sudan,SDN,Africa,2018,35.236,6.647
Sudan,SDN,Africa,2019,34.823,6.586
Sudan,SDN,Africa,2020,34.226,6.67
Sudan,SDN,Africa,2021,33.596,6.799
Tunisia,TUN,Africa,2018,17.737,6.04
Tunisia,TUN,Africa,2019,17.215,6.145
Tunisia,TUN,Africa,2020,16.628,6.752
Tunisia,TUN,Africa,2021,16.093,7.884
Botswana,BWA,Africa,2018,25.328,6.922
Botswana,BWA,Africa,2019,24.887,6.974
Botswana,BWA,Africa,2020,24.195,6.95
Botswana,BWA,Africa,2021,23.576,9.461
Eswatini,SWZ,Africa,2018,25.718,9.324
Eswatini,SWZ,Africa,2019,25.118,8.923
Eswatini,SWZ,Africa,2020,24.615,9.603
Eswatini,SWZ,Africa,2021,24.134,11.356
Namibia,NAM,Africa,2018,29.008,8.403
Namibia,NAM,Africa,2019,28.433,8.248
Namibia,NAM,Africa,2020,27.876,8.475
Namibia,NAM,Africa,2021,27.439,10.709
South Africa,ZAF,Africa,2018,21.137,8.765
South Africa,ZAF,Africa,2019,21.276,8.614
South Africa,ZAF,Africa,2020,20.326,9.425
South Africa,ZAF,Africa,2021,19.821,11.432
Benin,BEN,Africa,2018,38.186,9.428
Benin,BEN,Africa,2019,37.675,9.248
Benin,BEN,Africa,2020,37.114,9.364
Benin,BEN,Africa,2021,36.608,9.434
Burkina Faso,BFA,Africa,2018,37.294,8.809
Burkina Faso,BFA,Africa,2019,36.689,8.75
Burkina Faso,BFA,Africa,2020,36.085,8.813
Burkina Faso,BFA,Africa,2021,35.541,8.958
Cape Verde,CPV,Africa,2018,17.821,5.275
Cape Verde,CPV,Africa,2019,17.463,5.162
Cape Verde,CPV,Africa,2020,17.158,5.692
Cape Verde,CPV,Africa,2021,16.951,6.028
Gambia,GMB,Africa,2018,34.924,7.323
Gambia,GMB,Africa,2019,34.281,6.999
Gambia,GMB,Africa,2020,33.719,7.373
Gambia,GMB,Africa,2021,33.257,7.543
Ghana,GHA,Africa,2018,29.025,7.373
Ghana,GHA,Africa,2019,28.572,7.143
Ghana,GHA,Africa,2020,28.038,7.448
Ghana,GHA,Africa,2021,27.548,7.627
Guinea,GIN,Africa,2018,35.931,9.94
Guinea,GIN,Africa,2019,35.436,9.712
Guinea,GIN,Africa,2020,34.944,9.847
Guinea,GIN,Africa,2021,34.425,9.99
Guinea-Bissau,GNB,Africa,2018,32.657,8.401
Guinea-Bissau,GNB,Africa,2019,32.093,8.206
Guinea-Bissau,GNB,Africa,2020,31.605,8.574
Guinea-Bissau,GNB,Africa,2021,31.087,8.716
Liberia,LBR,Africa,2018,32.706,8.793
Liberia,LBR,Africa,2019,32.181,8.658
Liberia,LBR,Africa,2020,31.708,8.753
Liberia,LBR,Africa,2021,31.287,8.838
Mali,MLI,Africa,2018,42.901,9.419
Mali,MLI,Africa,2019,42.376,9.205
Mali,MLI,Africa,2020,41.995,9.529
Mali,MLI,Africa,2021,41.643,9.274
Mauritania,MRT,Africa,2018,34.183,7.248
Mauritania,MRT,Africa,2019,33.723,7.003
Mauritania,MRT,Africa,2020,33.427,7.466
Mauritania,MRT,Africa,2021,33.194,7.44
Niger,NER,Africa,2018,46.127,8.061
Niger,NER,Africa,2019,45.859,7.824
Niger,NER,Africa,2020,45.588,8.281
Niger,NER,Africa,2021,45.293,8.141
Nigeria,NGA,Africa,2018,38.248,13.239
Nigeria,NGA,Africa,2019,37.849,12.989
Nigeria,NGA,Africa,2020,37.467,12.997
Nigeria,NGA,Africa,2021,37.117,13.083
Senegal,SEN,Africa,2018,33.955,5.579
Senegal,SEN,Africa,2019,33.47,5.409
Senegal,SEN,Africa,2020,33.034,5.584
Senegal,SEN,Africa,2021,32.573,5.922
Sierra Leone,SLE,Africa,2018,33.099,9.308
Sierra Leone,SLE,Africa,2019,32.549,9.065
Sierra Leone,SLE,Africa,2020,31.914,9.296
Sierra Leone,SLE,Africa,2021,31.36,9.113
Togo,TGO,Africa,2018,33.186,8.766
Togo,TGO,Africa,2019,32.756,8.465
Togo,TGO,Africa,2020,32.302,8.417
Togo,TGO,Africa,2021,31.856,8.168
Kazakhstan,KAZ,Asia,2018,21.626,8.129
Kazakhstan,KAZ,Asia,2019,21.523,8.171
Kazakhstan,KAZ,Asia,2020,22.523,9.424
Kazakhstan,KAZ,Asia,2021,21.535,10.233
Kyrgyzstan,KGZ,Asia,2018,27.194,5.781
Kyrgyzstan,KGZ,Asia,2019,26.328,5.562
Kyrgyzstan,KGZ,Asia,2020,24.973,6.405
Kyrgyzstan,KGZ,Asia,2021,24.126,6.197
Tajikistan,TJK,Asia,2018,28.688,5.014
Tajikistan,TJK,Asia,2019,28.267,4.843
Tajikistan,TJK,Asia,2020,27.53,6.121
Tajikistan,TJK,Asia,2021,26.749,4.548
Turkmenistan,TKM,Asia,2018,23.845,6.639
Turkmenistan,TKM,Asia,2019,23.055,6.583
Turkmenistan,TKM,Asia,2020,22.294,6.836
Turkmenistan,TKM,Asia,2021,21.592,6.585
Uzbekistan,UZB,Asia,2018,23.997,6.095
Uzbekistan,UZB,Asia,2019,24.314,6.07
Uzbekistan,UZB,Asia,2020,24.795,6.748
Uzbekistan,UZB,Asia,2021,23.551,6.468
China,CHN,Asia,2018,10.948,6.981
China,CHN,Asia,2019,10.293,7.078
China,CHN,Asia,2020,8.597,7.265
China,CHN,Asia,2021,7.633,7.448
Hong Kong,HKG,Asia,2018,8.924,6.575
Hong Kong,HKG,Asia,2019,8.348,6.806
Hong Kong,HKG,Asia,2020,6.871,7.124
Hong Kong,HKG,Asia,2021,5.727,7.177
Macau,MAC,Asia,2018,10.621,3.86
Macau,MAC,Asia,2019,10.295,3.983
Macau,MAC,Asia,2020,10.128,4.047
Macau,MAC,Asia,2021,10.114,4.111
Taiwan,TWN ,Asia,2018,8.169,7.013
Taiwan,TWN ,Asia,2019,7.929,7.158
Taiwan,TWN ,Asia,2020,7.85,7.231
Taiwan,TWN ,Asia,2021,7.795,7.403
North Korea,PRK,Asia,2018,13.488,8.721
North Korea,PRK,Asia,2019,13.487,8.878
North Korea,PRK,Asia,2020,13.333,9.078
North Korea,PRK,Asia,2021,13.24,9.313
Japan,JPN,Asia,2018,7.016,11.835
Japan,JPN,Asia,2019,6.663,12.087
Japan,JPN,Asia,2020,6.61,12.07
Japan,JPN,Asia,2021,6.571,12.64
Mongolia,MNG,Asia,2018,23.836,5.663
Mongolia,MNG,Asia,2019,23.292,5.499
Mongolia,MNG,Asia,2020,22.405,5.475
Mongolia,MNG,Asia,2021,21.413,6.131
South Korea,KOR,Asia,2018,6.375,5.858
South Korea,KOR,Asia,2019,5.92,5.963
South Korea,KOR,Asia,2020,5.676,6.194
South Korea,KOR,Asia,2021,5.579,6.46
Afghanistan,AFG,Asia,2018,36.927,6.981
Afghanistan,AFG,Asia,2019,36.466,6.791
Afghanistan,AFG,Asia,2020,36.051,7.113
Afghanistan,AFG,Asia,2021,35.842,7.344
Bangladesh,BGD,Asia,2018,18.462,5.241
Bangladesh,BGD,Asia,2019,18.35,5.28
Bangladesh,BGD,Asia,2020,18.053,5.816
Bangladesh,BGD,Asia,2021,17.821,5.68
Bhutan,BTN,Asia,2018,13.789,6.766
Bhutan,BTN,Asia,2019,12.871,6.626
Bhutan,BTN,Asia,2020,12.65,6.545
Bhutan,BTN,Asia,2021,12.482,6.477
India,IND,Asia,2018,17.651,6.644
India,IND,Asia,2019,17.049,6.71
India,IND,Asia,2020,16.572,7.35
India,IND,Asia,2021,16.419,9.448
Iran,IRN,Asia,2018,17.231,4.715
Iran,IRN,Asia,2019,15.118,4.872
Iran,IRN,Asia,2020,14.231,5.567
Iran,IRN,Asia,2021,13.699,6.437
Maldives,MDV,Asia,2018,15.531,2.828
Maldives,MDV,Asia,2019,15.001,2.858
Maldives,MDV,Asia,2020,14.576,3.001
Maldives,MDV,Asia,2021,14.088,3.02
Nepal,NPL,Asia,2018,21.026,7.041
Nepal,NPL,Asia,2019,20.868,6.871
Nepal,NPL,Asia,2020,20.64,7.209
Nepal,NPL,Asia,2021,20.402,7.776
Pakistan,PAK,Asia,2018,28.594,6.843
Pakistan,PAK,Asia,2019,28.276,6.765
Pakistan,PAK,Asia,2020,27.967,7.06
Pakistan,PAK,Asia,2021,27.519,7.168
Sri Lanka,LKA,Asia,2018,14.805,7.037
Sri Lanka,LKA,Asia,2019,14.534,7.072
Sri Lanka,LKA,Asia,2020,14.235,7.056
Sri Lanka,LKA,Asia,2021,14.019,7.36
Brunei,BRN,Asia,2018,15.05,4.7
Brunei,BRN,Asia,2019,14.585,4.834
Brunei,BRN,Asia,2020,14.165,4.975
Brunei,BRN,Asia,2021,13.8,5.211
Cambodia,KHM,Asia,2018,20.805,5.874
Cambodia,KHM,Asia,2019,20.28,5.947
Cambodia,KHM,Asia,2020,19.849,6.228
Cambodia,KHM,Asia,2021,19.334,6.838
Indonesia,IDN,Asia,2018,17.179,7.496
Indonesia,IDN,Asia,2019,16.91,7.539
Indonesia,IDN,Asia,2020,16.649,8.964
Indonesia,IDN,Asia,2021,16.425,10.065
Laos,LAO,Asia,2018,23.238,6.755
Laos,LAO,Asia,2019,22.786,6.505
Laos,LAO,Asia,2020,22.449,6.366
Laos,LAO,Asia,2021,21.973,6.613
Malaysia,MYS,Asia,2018,15.978,5.175
Malaysia,MYS,Asia,2019,15.58,5.253
Malaysia,MYS,Asia,2020,15.417,5.311
Malaysia,MYS,Asia,2021,15.24,6.034
Myanmar,MMR,Asia,2018,17.869,8.622
Myanmar,MMR,Asia,2019,17.663,8.692
Myanmar,MMR,Asia,2020,17.363,8.819
Myanmar,MMR,Asia,2021,17.103,9.769
Philippines,PHL,Asia,2018,22.445,5.631
Philippines,PHL,Asia,2019,22.254,5.609
Philippines,PHL,Asia,2020,22.039,5.566
Philippines,PHL,Asia,2021,21.813,7.311
Singapore,SGP,Asia,2018,6.862,4.484
Singapore,SGP,Asia,2019,6.889,4.561
Singapore,SGP,Asia,2020,7.019,5.088
Singapore,SGP,Asia,2021,7.117,5.372
Thailand,THA,Asia,2018,9.662,7.027
Thailand,THA,Asia,2019,9.377,7.14
Thailand,THA,Asia,2020,9.182,7.264
Thailand,THA,Asia,2021,8.999,7.922
Timor-Leste,TLS,Asia,2018,25.921,7.012
Timor-Leste,TLS,Asia,2019,25.511,6.888
Timor-Leste,TLS,Asia,2020,25.258,6.831
Timor-Leste,TLS,Asia,2021,24.944,7.233
Vietnam,VNM,Asia,2018,15.873,6.663
Vietnam,VNM,Asia,2019,15.663,6.706
Vietnam,VNM,Asia,2020,15.4,6.169
Vietnam,VNM,Asia,2021,15.008,7.317
Armenia,ARM,Asia,2018,13.307,9.75
Armenia,ARM,Asia,2019,12.892,9.662
Armenia,ARM,Asia,2020,12.455,12.792
Armenia,ARM,Asia,2021,12.049,13.007
Azerbaijan,AZE,Asia,2018,14.076,6.457
Azerbaijan,AZE,Asia,2019,14.366,6.436
Azerbaijan,AZE,Asia,2020,12.834,10.717
Azerbaijan,AZE,Asia,2021,12.326,9.207
Bahrain,BHR,Asia,2018,13.818,1.992
Bahrain,BHR,Asia,2019,13.198,2
Bahrain,BHR,Asia,2020,12.621,2.239
Bahrain,BHR,Asia,2021,11.926,2.479
Cyprus,CYP,Europe,2018,10.843,6.612
Cyprus,CYP,Europe,2019,10.794,6.769
Cyprus,CYP,Europe,2020,10.583,6.93
Cyprus,CYP,Europe,2021,10.313,7.257
Georgia,GEO,Asia,2018,14.395,12.963
Georgia,GEO,Asia,2019,13.451,12.88
Georgia,GEO,Asia,2020,12.966,13.976
Georgia,GEO,Asia,2021,13.412,15.166
Iraq,IRQ,Asia,2018,28.429,4.282
Iraq,IRQ,Asia,2019,28.078,4.301
Iraq,IRQ,Asia,2020,27.732,5.239
Iraq,IRQ,Asia,2021,27.367,4.753
Israel,ISR,Asia,2018,20.801,5.188
Israel,ISR,Asia,2019,21.434,5.251
Israel,ISR,Asia,2020,20.05,5.504
Israel,ISR,Asia,2021,19.608,5.606
Jordan,JOR,Asia,2018,22.999,3.15
Jordan,JOR,Asia,2019,22.6,3.148
Jordan,JOR,Asia,2020,22.265,3.475
Jordan,JOR,Asia,2021,21.95,3.868
Kuwait,KWT,Asia,2018,13.443,2.052
Kuwait,KWT,Asia,2019,12.437,2.194
Kuwait,KWT,Asia,2020,11.797,3.254
Kuwait,KWT,Asia,2021,10.41,2.906
Lebanon,LBN,Asia,2018,16.311,4.704
Lebanon,LBN,Asia,2019,15.822,5.178
Lebanon,LBN,Asia,2020,15.332,6.253
Lebanon,LBN,Asia,2021,14.948,8.271
Oman,OMN,Asia,2018,19.816,2.172
Oman,OMN,Asia,2019,19.298,2.205
Oman,OMN,Asia,2020,18.791,3.025
Oman,OMN,Asia,2021,18.419,3.796
Qatar,QAT,Asia,2018,10.598,0.982
Qatar,QAT,Asia,2019,10.743,0.991
Qatar,QAT,Asia,2020,10.895,1.219
Qatar,QAT,Asia,2021,9.816,1.311
Saudi Arabia,SAU,Asia,2018,18.703,2.655
Saudi Arabia,SAU,Asia,2019,18.451,2.656
Saudi Arabia,SAU,Asia,2020,18.238,2.913
Saudi Arabia,SAU,Asia,2021,17.473,2.864
Palestine,PSE,Asia,2018,30.126,3.317
Palestine,PSE,Asia,2019,29.466,3.225
Palestine,PSE,Asia,2020,28.8,3.489
Palestine,PSE,Asia,2021,28.236,3.815
Syria,SYR,Asia,2018,18.155,5.554
Syria,SYR,Asia,2019,18.883,5.033
Syria,SYR,Asia,2020,19.67,4.99
Syria,SYR,Asia,2021,20.111,5.117
Turkey,TUR,Asia,2018,16.481,5.065
Turkey,TUR,Asia,2019,15.594,5.084
Turkey,TUR,Asia,2020,15.033,6.378
Turkey,TUR,Asia,2021,14.678,6.398
United Arab Emirates,ARE,Asia,2018,10.049,1.324
United Arab Emirates,ARE,Asia,2019,9.75,1.471
United Arab Emirates,ARE,Asia,2020,10.62,1.766
United Arab Emirates,ARE,Asia,2021,10.307,1.874
Yemen,YEM,Asia,2018,32.305,6.629
Yemen,YEM,Asia,2019,31.778,6.416
Yemen,YEM,Asia,2020,31.252,6.509
Yemen,YEM,Asia,2021,30.544,6.845
Belarus,BLR,Europe,2018,9.86,13.277
Belarus,BLR,Europe,2019,9.644,13.879
Belarus,BLR,Europe,2020,9.47,16.553
Belarus,BLR,Europe,2021,9.283,16.544
Bulgaria,BGR,Europe,2018,8.82,16.272
Bulgaria,BGR,Europe,2019,8.733,16.266
Bulgaria,BGR,Europe,2020,8.56,18.901
Bulgaria,BGR,Europe,2021,8.435,22.337
Czech Republic,CZE,Europe,2018,10.624,10.691
Czech Republic,CZE,Europe,2019,10.417,10.602
Czech Republic,CZE,Europe,2020,10.167,11.832
Czech Republic,CZE,Europe,2021,9.892,12.758
Hungary,HUN,Europe,2018,9.54,13.408
Hungary,HUN,Europe,2019,9.47,13.253
Hungary,HUN,Europe,2020,9.496,14.434
Hungary,HUN,Europe,2021,9.474,15.903
Poland,POL,Europe,2018,10.366,10.773
Poland,POL,Europe,2019,9.937,10.672
Poland,POL,Europe,2020,9.705,12.266
Poland,POL,Europe,2021,9.488,13.119
Romania,ROU,Europe,2018,10.726,12.678
Romania,ROU,Europe,2019,10.438,12.665
Romania,ROU,Europe,2020,10.238,14.488
Romania,ROU,Europe,2021,10.105,16.253
Russia,RUS,Europe,2018,11.036,12.379
Russia,RUS,Europe,2019,10.216,12.241
Russia,RUS,Europe,2020,9.884,14.212
Russia,RUS,Europe,2021,9.643,16.964
Slovakia,SVK,Europe,2018,10.575,9.962
Slovakia,SVK,Europe,2019,10.459,9.747
Slovakia,SVK,Europe,2020,10.216,10.856
Slovakia,SVK,Europe,2021,9.979,13.307
Ukraine,UKR,Europe,2018,8.669,13.114
Ukraine,UKR,Europe,2019,7.996,13.266
Ukraine,UKR,Europe,2020,7.72,15.917
Ukraine,UKR,Europe,2021,7.721,16.801
Denmark,DNK,Europe,2018,10.509,9.597
Denmark,DNK,Europe,2019,10.452,9.328
Denmark,DNK,Europe,2020,10.56,9.415
Denmark,DNK,Europe,2021,10.807,9.998
Estonia,EST,Europe,2018,10.831,12.004
Estonia,EST,Europe,2019,10.691,11.685
Estonia,EST,Europe,2020,10.47,12.185
Estonia,EST,Europe,2021,10.277,14.186
Faroe Islands,FRO,Europe,2018,13.508,12.188
Faroe Islands,FRO,Europe,2019,15.192,12.09
Faroe Islands,FRO,Europe,2020,15.45,10.926
Faroe Islands,FRO,Europe,2021,15.383,11.283
Finland,FIN,Europe,2018,8.629,9.873
Finland,FIN,Europe,2019,8.306,9.794
Finland,FIN,Europe,2020,8.376,10
Finland,FIN,Europe,2021,8.481,10.361
Iceland,ISL,Europe,2018,11.929,6.429
Iceland,ISL,Europe,2019,12.288,6.737
Iceland,ISL,Europe,2020,12.407,6.722
Iceland,ISL,Europe,2021,12.356,6.79
Ireland,IRL,Europe,2018,12.841,6.352
Ireland,IRL,Europe,2019,12.387,6.445
Ireland,IRL,Europe,2020,12.082,6.664
Ireland,IRL,Europe,2021,11.764,7.061
Isle of Man,IMN,Europe,2018,8.94,10.054
Isle of Man,IMN,Europe,2019,8.888,10.09
Isle of Man,IMN,Europe,2020,8.605,10.414
Isle of Man,IMN,Europe,2021,8.529,10.604
Latvia,LVA,Europe,2018,10.019,15.64
Latvia,LVA,Europe,2019,9.733,15.315
Latvia,LVA,Europe,2020,9.231,16.068
Latvia,LVA,Europe,2021,9.068,19.226
Lithuania,LTU,Europe,2018,10.067,14.673
Lithuania,LTU,Europe,2019,9.832,14.373
Lithuania,LTU,Europe,2020,9.727,16.319
Lithuania,LTU,Europe,2021,9.619,18.254
Norway,NOR,Europe,2018,10.369,7.696
Norway,NOR,Europe,2019,10.194,7.607
Norway,NOR,Europe,2020,9.972,7.551
Norway,NOR,Europe,2021,9.979,7.757
Sweden,SWE,Europe,2018,11.358,9.108
Sweden,SWE,Europe,2019,11.158,8.674
Sweden,SWE,Europe,2020,10.88,9.52
Sweden,SWE,Europe,2021,10.868,8.85
United Kingdom,GBR,Europe,2018,11.029,9.283
United Kingdom,GBR,Europe,2019,10.637,8.78
United Kingdom,GBR,Europe,2020,10.136,10.053
United Kingdom,GBR,Europe,2021,10.081,9.716
Albania,ALB,Europe,2018,10.517,8.308
Albania,ALB,Europe,2019,10.343,8.48
Albania,ALB,Europe,2020,10.285,10.785
Albania,ALB,Europe,2021,10.24,11.325
Andorra,AND,Europe,2018,7.947,6.257
Andorra,AND,Europe,2019,7.779,6.337
Andorra,AND,Europe,2020,7.673,9.063
Andorra,AND,Europe,2021,7.233,8.18
Bosnia and Herzegovina,BIH,Europe,2018,9.067,12.056
Bosnia and Herzegovina,BIH,Europe,2019,8.819,12.266
Bosnia and Herzegovina,BIH,Europe,2020,8.611,14.094
Bosnia and Herzegovina,BIH,Europe,2021,8.42,15.712
Croatia,HRV,Europe,2018,8.98,13.317
Croatia,HRV,Europe,2019,8.874,13.166
Croatia,HRV,Europe,2020,8.716,14.554
Croatia,HRV,Europe,2021,8.544,15.317
Gibraltar,GIB,Europe,2018,11.242,8.191
Gibraltar,GIB,Europe,2019,11.015,8.283
Gibraltar,GIB,Europe,2020,10.844,8.685
Gibraltar,GIB,Europe,2021,10.714,11.546
Greece,GRC,Europe,2018,7.844,10.995
Greece,GRC,Europe,2019,7.667,11.425
Greece,GRC,Europe,2020,7.706,11.923
Greece,GRC,Europe,2021,7.565,12.99
Italy,ITA,Europe,2018,7.221,10.544
Italy,ITA,Europe,2019,7.002,10.313
Italy,ITA,Europe,2020,6.894,12.049
Italy,ITA,Europe,2021,6.931,11.488
Malta,MLT,Europe,2018,9.185,7.143
Malta,MLT,Europe,2019,8.673,7.318
Malta,MLT,Europe,2020,8.841,7.525
Malta,MLT,Europe,2021,8.942,7.323
Montenegro,MNE,Europe,2018,11.906,10.464
Montenegro,MNE,Europe,2019,11.77,10.774
Montenegro,MNE,Europe,2020,11.3,11.869
Montenegro,MNE,Europe,2021,11.093,12.034
North Macedonia,MKD,Europe,2018,10.268,9
North Macedonia,MKD,Europe,2019,9.671,9.348
North Macedonia,MKD,Europe,2020,9.613,12.182
North Macedonia,MKD,Europe,2021,9.562,13.879
Portugal,PRT,Europe,2018,8.411,11.033
Portugal,PRT,Europe,2019,8.321,10.922
Portugal,PRT,Europe,2020,8.07,12.054
Portugal,PRT,Europe,2021,7.833,12.024
San Marino,SMR,Europe,2018,6.168,9.692
San Marino,SMR,Europe,2019,6.126,9.731
San Marino,SMR,Europe,2020,6.117,12.846
San Marino,SMR,Europe,2021,5.987,11.58
Serbia,SRB,Europe,2018,9.335,14.029
Serbia,SRB,Europe,2019,9.414,14.072
Serbia,SRB,Europe,2020,9.318,16.436
Serbia,SRB,Europe,2021,9.266,18.941
Slovenia,SVN,Europe,2018,9.625,9.769
Slovenia,SVN,Europe,2019,9.419,9.767
Slovenia,SVN,Europe,2020,9.05,11.37
Slovenia,SVN,Europe,2021,9.044,10.84
Spain,ESP,Europe,2018,7.889,9.125
Spain,ESP,Europe,2019,7.563,8.881
Spain,ESP,Europe,2020,7.449,10.434
Spain,ESP,Europe,2021,7.553,9.59
Austria,AUT,Europe,2018,9.666,9.54
Austria,AUT,Europe,2019,9.565,9.426
Austria,AUT,Europe,2020,9.367,10.152
Austria,AUT,Europe,2021,9.498,10.064
Belgium,BEL,Europe,2018,10.336,9.713
Belgium,BEL,Europe,2019,10.114,9.503
Belgium,BEL,Europe,2020,9.961,11.049
Belgium,BEL,Europe,2021,10.051,9.519
France,FRA,Europe,2018,11.053,9.287
France,FRA,Europe,2019,10.891,9.359
France,FRA,Europe,2020,10.577,10.17
France,FRA,Europe,2021,10.496,9.914
Germany,DEU,Europe,2018,9.423,10.98
Germany,DEU,Europe,2019,9.304,10.769
Germany,DEU,Europe,2020,9.144,11.686
Germany,DEU,Europe,2021,9.167,12.486
Liechtenstein,LIE,Europe,2018,9.65,6.695
Liechtenstein,LIE,Europe,2019,9.16,6.15
Liechtenstein,LIE,Europe,2020,9.191,7.514
Liechtenstein,LIE,Europe,2021,9.188,7.226
Luxembourg,LUX,Europe,2018,10.218,7.213
Luxembourg,LUX,Europe,2019,10.032,7.01
Luxembourg,LUX,Europe,2020,10.319,7.623
Luxembourg,LUX,Europe,2021,10.361,6.827
Monaco,MCO,Europe,2018,9.21,20.124
Monaco,MCO,Europe,2019,8.983,20.226
Monaco,MCO,Europe,2020,8.811,20.443
Monaco,MCO,Europe,2021,8.805,21.275
Netherlands,NLD,Europe,2018,9.809,8.902
Netherlands,NLD,Europe,2019,9.798,8.774
Netherlands,NLD,Europe,2020,9.942,9.612
Netherlands,NLD,Europe,2021,10.316,9.614
Switzerland,CHE,Europe,2018,10.243,7.921
Switzerland,CHE,Europe,2019,10.046,7.925
Switzerland,CHE,Europe,2020,10.051,8.824
Switzerland,CHE,Europe,2021,10.033,8.034
Antigua and Barbuda,ATG,North America,2018,10.816,5.787
Antigua and Barbuda,ATG,North America,2019,11.485,5.865
Antigua and Barbuda,ATG,North America,2020,12.16,5.961
Antigua and Barbuda,ATG,North America,2021,12.115,6.365
Aruba,ABW,North America,2018,9.881,8.597
Aruba,ABW,North America,2019,9.138,8.778
Aruba,ABW,North America,2020,8.102,9.69
Aruba,ABW,North America,2021,7.193,11.235
Bahamas,BHS,North America,2018,11.566,6.935
Bahamas,BHS,North America,2019,11.487,7.943
Bahamas,BHS,North America,2020,11.49,8.076
Bahamas,BHS,North America,2021,11.445,8.986
Barbados,BRB,North America,2018,10.913,8.927
Barbados,BRB,North America,2019,10.885,8.91
Barbados,BRB,North America,2020,10.859,8.973
Barbados,BRB,North America,2021,10.832,9.007
British Virgin Islands,VGB,North America,2018,7.114,5.988
British Virgin Islands,VGB,North America,2019,7.29,6.156
British Virgin Islands,VGB,North America,2020,7.448,6.38
British Virgin Islands,VGB,North America,2021,7.634,7.613
Cayman Islands,CYM,North America,2018,9.724,6.163
Cayman Islands,CYM,North America,2019,10.102,6.27
Cayman Islands,CYM,North America,2020,11.931,6.414
Cayman Islands,CYM,North America,2021,9.99,6.594
Cuba,CUB,North America,2018,10.348,9.815
Cuba,CUB,North America,2019,9.752,9.861
Cuba,CUB,North America,2020,9.344,10.23
Cuba,CUB,North America,2021,8.922,14.652
Dominica,DMA,North America,2018,13.191,8.417
Dominica,DMA,North America,2019,13.272,8.369
Dominica,DMA,North America,2020,13.301,8.177
Dominica,DMA,North America,2021,13.326,8.986
Dominican Republic,DOM,North America,2018,19.762,6.06
Dominican Republic,DOM,North America,2019,19.291,6.006
Dominican Republic,DOM,North America,2020,18.78,6.46
Dominican Republic,DOM,North America,2021,18.432,6.678
Grenada,GRD,North America,2018,16.92,7.956
Grenada,GRD,North America,2019,16.617,8.008
Grenada,GRD,North America,2020,16.288,8.061
Grenada,GRD,North America,2021,15.961,8.151
Haiti,HTI,North America,2018,24.579,7.998
Haiti,HTI,North America,2019,24.304,7.953
Haiti,HTI,North America,2020,23.936,8.176
Haiti,HTI,North America,2021,23.498,8.676
Jamaica,JAM,North America,2018,12.22,7.318
Jamaica,JAM,North America,2019,11.994,7.477
Jamaica,JAM,North America,2020,11.813,7.583
Jamaica,JAM,North America,2021,11.712,8.797
Puerto Rico,PRI,North America,2018,6.787,9.826
Puerto Rico,PRI,North America,2019,7.903,10.729
Puerto Rico,PRI,North America,2020,8.179,11.199
Puerto Rico,PRI,North America,2021,8.144,10.097
Saint Kitts and Nevis,KNA,North America,2018,12.942,9.83
Saint Kitts and Nevis,KNA,North America,2019,12.693,9.91
Saint Kitts and Nevis,KNA,North America,2020,12.418,10.036
Saint Kitts and Nevis,KNA,North America,2021,12.125,10.181
Saint Lucia,LCA,North America,2018,11.986,7.976
Saint Lucia,LCA,North America,2019,11.834,8.068
Saint Lucia,LCA,North America,2020,11.667,8.205
Saint Lucia,LCA,North America,2021,11.49,10.299
Saint Martin,MAF,North America,2018,17.022,4.176
Saint Martin,MAF,North America,2019,16.483,4.661
Saint Martin,MAF,North America,2020,15.768,4.788
Saint Martin,MAF,North America,2021,15.053,4.911
Saint Vincent and the Grenadines,VCT,North America,2018,13.708,8.906
Saint Vincent and the Grenadines,VCT,North America,2019,13.346,10.1
Saint Vincent and the Grenadines,VCT,North America,2020,13.071,11.038
Saint Vincent and the Grenadines,VCT,North America,2021,12.901,13.425
Trinidad and Tobago,TTO,North America,2018,12.557,7.783
Trinidad and Tobago,TTO,North America,2019,12.359,7.701
Trinidad and Tobago,TTO,North America,2020,11.946,7.9
Trinidad and Tobago,TTO,North America,2021,11.687,9.131
Turks and Caicos Islands,TCA,North America,2018,13.13,7.651
Turks and Caicos Islands,TCA,North America,2019,12.849,8.458
Turks and Caicos Islands,TCA,North America,2020,12.685,8.823
Turks and Caicos Islands,TCA,North America,2021,12.476,9.241
United States Virgin Islands,VIR,North America,2018,12.285,12.788
United States Virgin Islands,VIR,North America,2019,11.994,13.126
United States Virgin Islands,VIR,North America,2020,11.705,13.689
United States Virgin Islands,VIR,North America,2021,11.444,14.231
Belize,BLZ,North America,2018,21.015,4.74
Belize,BLZ,North America,2019,18.886,4.727
Belize,BLZ,North America,2020,17.881,5.244
Belize,BLZ,North America,2021,17.976,6.353
Costa Rica,CRI,North America,2018,13.562,5.276
Costa Rica,CRI,North America,2019,12.847,5.468
Costa Rica,CRI,North America,2020,12.152,5.627
Costa Rica,CRI,North America,2021,11.873,7.192
El Salvador,SLV,North America,2018,16.536,6.938
El Salvador,SLV,North America,2019,16.416,7.451
El Salvador,SLV,North America,2020,16.188,8.442
El Salvador,SLV,North America,2021,16.025,8.661
Guatemala,GTM,North America,2018,23.929,4.995
Guatemala,GTM,North America,2019,22.858,4.892
Guatemala,GTM,North America,2020,21.816,5.337
Guatemala,GTM,North America,2021,21.12,6.504
Honduras,HND,North America,2018,21.895,4.257
Honduras,HND,North America,2019,21.628,4.315
Honduras,HND,North America,2020,21.353,4.945
Honduras,HND,North America,2021,21.071,5.608
Mexico,MEX,North America,2018,16.465,6.856
Mexico,MEX,North America,2019,15.71,6.931
Mexico,MEX,North America,2020,15.565,9.33
Mexico,MEX,North America,2021,14.857,9.406
Nicaragua,NIC,North America,2018,21.704,4.605
Nicaragua,NIC,North America,2019,21.305,4.626
Nicaragua,NIC,North America,2020,20.903,5.703
Nicaragua,NIC,North America,2021,20.507,4.859
Panama,PAN,North America,2018,18.814,5.013
Panama,PAN,North America,2019,18.228,5.12
Panama,PAN,North America,2020,17.919,5.747
Panama,PAN,North America,2021,17.692,6.067
Argentina,ARG,South America,2018,15.187,7.68
Argentina,ARG,South America,2019,14.783,7.6
Argentina,ARG,South America,2020,14.125,8.509
Argentina,ARG,South America,2021,13.902,8.955
Bolivia,BOL,South America,2018,22.634,7.124
Bolivia,BOL,South America,2019,22.323,7.127
Bolivia,BOL,South America,2020,22.056,9.3
Bolivia,BOL,South America,2021,21.836,9.945
Brazil,BRA,South America,2018,14.133,6.516
Brazil,BRA,South America,2019,13.633,6.572
Brazil,BRA,South America,2020,13.078,7.42
Brazil,BRA,South America,2021,12.883,8.326
Chile,CHL,South America,2018,11.94,6.327
Chile,CHL,South America,2019,11.855,6.346
Chile,CHL,South America,2020,11.834,7.221
Chile,CHL,South America,2021,11.788,7.426
Colombia,COL,South America,2018,14.841,5.311
Colombia,COL,South America,2019,14.682,5.411
Colombia,COL,South America,2020,14.435,6.606
Colombia,COL,South America,2021,14.204,7.735
Ecuador,ECU,South America,2018,17.658,4.911
Ecuador,ECU,South America,2019,17.338,4.913
Ecuador,ECU,South America,2020,17.037,7.534
Ecuador,ECU,South America,2021,16.817,6.719
Guyana,GUY,South America,2018,20.77,7.499
Guyana,GUY,South America,2019,20.828,7.444
Guyana,GUY,South America,2020,20.473,8.026
Guyana,GUY,South America,2021,20.298,9.987
Paraguay,PRY,South America,2018,21.664,5.569
Paraguay,PRY,South America,2019,21.281,5.636
Paraguay,PRY,South America,2020,20.946,5.916
Paraguay,PRY,South America,2021,20.627,7.638
Peru,PER,South America,2018,18.092,6.103
Peru,PER,South America,2019,18.042,6.006
Peru,PER,South America,2020,17.833,7.327
Peru,PER,South America,2021,17.622,7.988
Suriname,SUR,South America,2018,18.577,6.753
Suriname,SUR,South America,2019,18.409,7.06
Suriname,SUR,South America,2020,18.279,7.036
Suriname,SUR,South America,2021,18.154,8.667
Uruguay,URY,South America,2018,11.605,9.863
Uruguay,URY,South America,2019,10.822,10.057
Uruguay,URY,South America,2020,10.339,9.432
Uruguay,URY,South America,2021,10.473,12.162
Venezuela,VEN,South America,2018,17.832,6.864
Venezuela,VEN,South America,2019,16.888,7.017
Venezuela,VEN,South America,2020,16.213,7.575
Venezuela,VEN,South America,2021,15.877,8.124
Bermuda,BMU,North America,2018,8.198,9.028
Bermuda,BMU,North America,2019,8.116,9.106
Bermuda,BMU,North America,2020,8.1,9.254
Bermuda,BMU,North America,2021,7.755,10.767
Canada,CAN,North America,2018,10.021,7.702
Canada,CAN,North America,2019,9.737,7.609
Canada,CAN,North America,2020,9.804,8.064
Canada,CAN,North America,2021,9.82,7.81
Greenland,GRL,North America,2018,14.897,8.482
Greenland,GRL,North America,2019,14.756,8.622
Greenland,GRL,North America,2020,14.645,8.677
Greenland,GRL,North America,2021,14.388,8.846
United States of America,USA,North America,2018,11.468,8.387
United States of America,USA,North America,2019,11.258,8.325
United States of America,USA,North America,2020,10.939,9.651
United States of America,USA,North America,2021,11.056,9.743
Australia,AUS,Oceania,2018,12.876,6.381
Australia,AUS,Oceania,2019,12.09,6.616
Australia,AUS,Oceania,2020,11.576,6.35
Australia,AUS,Oceania,2021,11.542,6.422
New Zealand,NZL,Oceania,2018,11.862,6.511
New Zealand,NZL,Oceania,2019,12.851,6.428
New Zealand,NZL,Oceania,2020,12.518,6.359
New Zealand,NZL,Oceania,2021,12.436,6.627
Fiji,FJI,Oceania,2018,20.187,7.832
Fiji,FJI,Oceania,2019,19.962,7.941
Fiji,FJI,Oceania,2020,19.628,8.078
Fiji,FJI,Oceania,2021,19.345,8.859
New Caledonia,NCL,Oceania,2018,15.152,5.054
New Caledonia,NCL,Oceania,2019,14.858,5.022
New Caledonia,NCL,Oceania,2020,14.611,5.008
New Caledonia,NCL,Oceania,2021,14.417,6.063
Papua New Guinea,PNG,Oceania,2018,26.834,6.532
Papua New Guinea,PNG,Oceania,2019,26.37,6.468
Papua New Guinea,PNG,Oceania,2020,25.996,6.402
Papua New Guinea,PNG,Oceania,2021,25.514,6.683
Solomon Islands,SLB,Oceania,2018,31.219,5.052
Solomon Islands,SLB,Oceania,2019,30.762,4.989
Solomon Islands,SLB,Oceania,2020,30.223,5.082
Solomon Islands,SLB,Oceania,2021,29.785,5.028
Vanuatu,VUT,Oceania,2018,30.889,5.739
Vanuatu,VUT,Oceania,2019,30.4,5.663
Vanuatu,VUT,Oceania,2020,29.939,5.487
Vanuatu,VUT,Oceania,2021,29.438,5.395
Guam,GUM,Oceania,2018,17.02,6.21
Guam,GUM,Oceania,2019,16.624,6.304
Guam,GUM,Oceania,2020,16.363,7.178
Guam,GUM,Oceania,2021,16.376,7.337
Kiribati,KIR,Oceania,2018,28.46,6.345
Kiribati,KIR,Oceania,2019,28.064,6.252
Kiribati,KIR,Oceania,2020,27.645,6.242
Kiribati,KIR,Oceania,2021,27.207,6.236
Marshall Islands,MHL,Oceania,2018,21.514,7.187
Marshall Islands,MHL,Oceania,2019,20.744,7.29
Marshall Islands,MHL,Oceania,2020,20.006,7.425
Marshall Islands,MHL,Oceania,2021,19.28,7.556
Micronesia,FSM,Oceania,2018,21.2,5.472
Micronesia,FSM,Oceania,2019,21.059,5.728
Micronesia,FSM,Oceania,2020,20.837,6.065
Micronesia,FSM,Oceania,2021,20.777,6.211
Nauru,NRU,Oceania,2018,29.686,6.566
Nauru,NRU,Oceania,2019,29.124,6.48
Nauru,NRU,Oceania,2020,28.364,6.602
Nauru,NRU,Oceania,2021,27.56,6.633
Palau,PLW,Oceania,2018,15.39,13.041
Palau,PLW,Oceania,2019,15.555,13.01
Palau,PLW,Oceania,2020,15.397,12.873
Palau,PLW,Oceania,2021,15.158,12.652
American Samoa,ASM,Oceania,2018,17.863,6.077
American Samoa,ASM,Oceania,2019,17.34,6.43
American Samoa,ASM,Oceania,2020,17.219,6.602
American Samoa,ASM,Oceania,2021,17.175,6.787
French Polynesia,PYF,Oceania,2018,13.777,3.31
French Polynesia,PYF,Oceania,2019,13.088,3.391
French Polynesia,PYF,Oceania,2020,12.924,3.859
French Polynesia,PYF,Oceania,2021,12.759,5.376
Samoa,WSM,Oceania,2018,28.222,5.297
Samoa,WSM,Oceania,2019,27.895,5.5
Samoa,WSM,Oceania,2020,27.622,5.305
Samoa,WSM,Oceania,2021,27.254,5.343
Tonga,TON,Oceania,2018,23.625,6.888
Tonga,TON,Oceania,2019,23.424,6.909
Tonga,TON,Oceania,2020,23.139,6.946
Tonga,TON,Oceania,2021,23.045,6.97
Tuvalu,TUV,Oceania,2018,23.508,10.107
Tuvalu,TUV,Oceania,2019,23.619,10.161
Tuvalu,TUV,Oceania,2020,23.632,10.188
Tuvalu,TUV,Oceania,2021,23.484,10.159
Burundi,BDI,Africa,2022,34.109,7.311
Comoros,COM,Africa,2022,28.887,8.528
Djibouti,DJI,Africa,2022,21.911,8.962
Eritrea,ERI,Africa,2022,28.426,6.727
Ethiopia,ETH,Africa,2022,31.835,6.497
Kenya,KEN,Africa,2022,27.54,7.83
Madagascar,MDG,Africa,2022,30.595,6.799
Malawi,MWI,Africa,2022,32.611,6.934
Mauritius,MUS,Africa,2022,10.21,9.69
Mozambique,MOZ,Africa,2022,36.121,8.611
Rwanda,RWA,Africa,2022,29.474,5.847
Seychelles,SYC,Africa,2022,15.031,8.85
Somalia,SOM,Africa,2022,43.086,11.012
S. Sudan,SSD,Africa,2022,28.857,10.745
Uganda,UGA,Africa,2022,36.215,5.579
Tanzania,TZA,Africa,2022,35.811,5.959
Zambia,ZMB,Africa,2022,34.127,6.716
Zimbabwe,ZWE,Africa,2022,30.086,8.943
Angola,AGO,Africa,2022,38.2,7.863
Cameroon,CMR,Africa,2022,34.352,8.225
Central African Republic,CAF,Africa,2022,42.344,11.003
Chad,TCD,Africa,2022,43.184,12.157
Congo,COG,Africa,2022,30.175,7.275
Democratic Republic of the Congo,COD,Africa,2022,41.737,9.352
Equatorial Guinea,GNQ,Africa,2022,29.865,8.708
Gabon,GAB,Africa,2022,26.803,7.307
Sao Tome and Principe,STP,Africa,2022,27.974,5.838
Algeria,DZA,Africa,2022,20.572,4.329
Egypt,EGY,Africa,2022,22.107,6.39
Libya,LBY,Africa,2022,17.298,5.954
Morocco,MAR,Africa,2022,17.161,5.766
Sudan,SDN,Africa,2022,33.027,6.677
Tunisia,TUN,Africa,2022,15.6,7.601
Botswana,BWA,Africa,2022,23.036,6.897
Eswatini,SWZ,Africa,2022,23.642,11.883
Namibia,NAM,Africa,2022,26.921,11.457
South Africa,ZAF,Africa,2022,19.31,12.032
Benin,BEN,Africa,2022,36.071,9.323
Burkina Faso,BFA,Africa,2022,34.952,8.662
Cape Verde,CPV,Africa,2022,16.686,5.659
Gambia,GMB,Africa,2022,32.696,7.137
Ghana,GHA,Africa,2022,27.08,7.585
Guinea,GIN,Africa,2022,33.855,9.87
Guinea-Bissau,GNB,Africa,2022,30.611,8.597
Liberia,LBR,Africa,2022,30.996,8.632
Mali,MLI,Africa,2022,41.217,8.951
Mauritania,MRT,Africa,2022,32.953,7.203
Niger,NER,Africa,2022,45.029,7.834
Nigeria,NGA,Africa,2022,36.611,12.431
Senegal,SEN,Africa,2022,32.067,5.548
Sierra Leone,SLE,Africa,2022,30.788,8.909
Togo,TGO,Africa,2022,31.48,8.213
Kazakhstan,KAZ,Asia,2022,20.754,10.184
Kyrgyzstan,KGZ,Asia,2022,23.326,5.978
Tajikistan,TJK,Asia,2022,26.025,4.695
Turkmenistan,TKM,Asia,2022,20.755,6.585
Uzbekistan,UZB,Asia,2022,22.433,5.995
China,CHN,Asia,2022,7.544,7.379
Hong Kong,HKG,Asia,2022,5.606,8.357
Macau,MAC,Asia,2022,10.044,4.256
Taiwan,TWN ,Asia,2022,7.799,7.496
North Korea,PRK,Asia,2022,13.058,9.353
Japan,JPN,Asia,2022,6.576,12.655
Mongolia,MNG,Asia,2022,20.447,5.479
South Korea,KOR,Asia,2022,5.515,6.605
Afghanistan,AFG,Asia,2022,35.143,6.906
Bangladesh,BGD,Asia,2022,17.48,5.296
Bhutan,BTN,Asia,2022,12.332,6.356
India,IND,Asia,2022,16.267,9.074
Iran,IRN,Asia,2022,13.242,6.152
Maldives,MDV,Asia,2022,13.638,2.777
Nepal,NPL,Asia,2022,20.165,6.651
Pakistan,PAK,Asia,2022,27.233,7.021
Sri Lanka,LKA,Asia,2022,13.781,7.287
Brunei,BRN,Asia,2022,13.493,5.431
Cambodia,KHM,Asia,2022,18.969,6.785
Indonesia,IDN,Asia,2022,16.196,9.59
Laos,LAO,Asia,2022,21.46,6.195
Malaysia,MYS,Asia,2022,15.016,5.443
Myanmar,MMR,Asia,2022,16.833,8.749
Philippines,PHL,Asia,2022,21.618,5.568
Singapore,SGP,Asia,2022,7.1,4.991
Thailand,THA,Asia,2022,8.806,7.487
Timor-Leste,TLS,Asia,2022,24.611,6.535
Vietnam,VNM ,Asia,2022,14.689,6.831
Armenia,ARM,Asia,2022,11.7,11.881
Azerbaijan,AZE,Asia,2022,11.941,6.444
Bahrain,BHR,Asia,2022,11.454,2.476
Cyprus,CYP,Europe,2022,10.023,6.971
Georgia,GEO,Asia,2022,13.099,15.197
Iraq,IRQ,Asia,2022,27.035,4.433
Israel,ISR,Asia,2022,19.337,5.482
Jordan,JOR,Asia,2022,21.616,3.957
Kuwait,KWT,Asia,2022,9.727,2.606
Lebanon,LBN,Asia,2022,14.576,8.857
Oman,OMN,Asia,2022,17.706,3.279
Qatar,QAT,Asia,2022,9.091,1.08
Saudi Arabia,SAU,Asia,2022,16.919,2.752
Palestine,PSE,Asia,2022,27.69,3.854
Turkey,TUR,Asia,2022,14.468,5.101
United Arab Emirates,ARE,Asia,2022,9.888,1.865
Yemen,YEM,Asia,2022,29.919,6.824
Belarus,BLR,Europe,2022,9.165,15.49
Bulgaria,BGR,Europe,2022,8.352,22.877
Czech Republic,CZE,Europe,2022,9.688,12.46
Hungary,HUN,Europe,2022,9.46,15.519
Poland,POL,Europe,2022,9.27,12.557
Romania,ROU,Europe,2022,9.988,16.437
Russia,RUS,Europe,2022,9.539,16.339
Slovakia,SVK,Europe,2022,9.825,12.95
Ukraine,UKR,Europe,2022,7.659,21.4
Denmark,DNK,Europe,2022,10.917,9.458
Estonia,EST,Europe,2022,10.118,11.69
Faroe Islands,FRO,Europe,2022,15.084,11.798
Finland,FIN,Europe,2022,8.518,10.151
Iceland,ISL,Europe,2022,12.256,6.728
Ireland,IRL,Europe,2022,11.472,6.601
Isle of Man,IMN,Europe,2022,8.584,10.461
Latvia,LVA,Europe,2022,8.912,15.479
Lithuania,LTU,Europe,2022,9.504,17.496
Norway,NOR,Europe,2022,9.96,7.747
Sweden,SWE,Europe,2022,10.835,8.617
United Kingdom,GBR,Europe,2022,10.039,9.098
Albania,ALB,Europe,2022,10.116,11.194
Andorra,AND,Europe,2022,7.204,6.293
Bosnia and Herzegovina,BIH,Europe,2022,8.278,15.865
Croatia,HRV,Europe,2022,8.415,13.282
Gibraltar,GIB,Europe,2022,10.564,8.511
Greece,GRC,Europe,2022,7.431,12.66
Italy,ITA,Europe,2022,6.903,10.671
Malta,MLT,Europe,2022,9.115,7.287
Montenegro,MNE,Europe,2022,10.934,11.543
North Macedonia,MKD,Europe,2022,9.547,13.795
Portugal,PRT,Europe,2022,7.796,10.983
San Marino,SMR,Europe,2022,5.936,9.617
Serbia,SRB,Europe,2022,9.211,18.96
Slovenia,SVN,Europe,2022,8.89,9.788
Spain,ESP,Europe,2022,7.497,9.077
Austria,AUT,Europe,2022,9.451,9.473
Belgium,BEL,Europe,2022,10.048,9.49
France,FRA,Europe,2022,10.416,9.401
Germany,DEU,Europe,2022,9.139,12.362
Liechtenstein,LIE,Europe,2022,9.202,6.39
Luxembourg,LUX,Europe,2022,10.349,7.042
Monaco,MCO,Europe,2022,8.775,19.42
Netherlands,NLD,Europe,2022,10.336,8.915
Switzerland,CHE,Europe,2022,9.917,7.977
Antigua and Barbuda,ATG,North America,2022,11.984,6.094
Aruba,ABW,North America,2022,7.178,11.084
Bahamas,BHS,North America,2022,11.379,7.298
Barbados,BRB,North America,2022,10.783,9.114
British Virgin Islands,VGB,North America,2022,7.64,6.515
Cayman Islands,CYM,North America,2022,9.767,6.564
Cuba,CUB,North America,2022,8.889,9.852
Dominica,DMA,North America,2022,13.278,8.921
Dominican Republic,DOM,North America,2022,18.111,6.068
Grenada,GRD,North America,2022,15.616,7.942
Haiti,HTI,North America,2022,23.146,8.48
Jamaica,JAM,North America,2022,11.531,8.787
Puerto Rico,PRI,North America,2022,8.033,11.169
Saint Kitts and Nevis,KNA,North America,2022,11.823,10.078
Saint Lucia,LCA,North America,2022,11.316,10.151
Saint Martin,MAF,North America,2022,14.414,5.101
Saint Vincent and the Grenadines,VCT,North America,2022,12.726,14.004
Trinidad and Tobago,TTO,North America,2022,11.382,8.097
Turks and Caicos Islands,TCA,North America,2022,12.27,9.04
United States Virgin Islands,VIR,North America,2022,11.212,14.155
Belize,BLZ,North America,2022,17.763,6.253
Costa Rica,CRI,North America,2022,11.686,7.113
El Salvador,SLV,North America,2022,15.803,8.173
Guatemala,GTM,North America,2022,20.861,6.767
Honduras,HND,North America,2022,20.85,5.404
Mexico,MEX,North America,2022,14.636,6.705
Nicaragua,NIC,North America,2022,20.018,4.655
Panama,PAN,North America,2022,17.4,5.904
Argentina,ARG,South America,2022,13.794,8.589
Bolivia,BOL,South America,2022,21.599,9.062
Brazil,BRA,South America,2022,12.649,8.139
Chile,CHL,South America,2022,11.755,7.199
Colombia,COL,South America,2022,13.921,7.409
Ecuador,ECU,South America,2022,16.583,4.85
Guyana,GUY,South America,2022,19.897,9.762
Paraguay,PRY,South America,2022,20.328,7.437
Peru,PER,South America,2022,17.376,7.505
Suriname,SUR,South America,2022,17.983,8.637
Uruguay,URY,South America,2022,10.419,9.879
Venezuela,VEN,South America,2022,15.573,8.1
Bermuda,BMU,North America,2022,7.503,9.173
Canada,CAN,North America,2022,9.814,7.77
Greenland,GRL,North America,2022,14.092,8.945
United States of America,USA,North America,2022,11.033,9.31
Australia,AUS,Oceania,2022,11.5,6.816
New Zealand,NZL,Oceania,2022,12.378,6.545
Fiji,FJI,Oceania,2022,19.131,8.235
New Caledonia,NCL,Oceania,2022,14.135,5.266
Papua New Guinea,PNG,Oceania,2022,25.112,6.459
Solomon Islands,SLB,Oceania,2022,29.322,4.888
Vanuatu,VUT,Oceania,2022,28.968,5.312
Guam,GUM,Oceania,2022,16.374,6.55
Kiribati,KIR,Oceania,2022,26.723,6.182
Marshall Islands,MHL,Oceania,2022,18.524,7.919
Micronesia,FSM,Oceania,2022,20.684,6.275
Nauru,NRU,Oceania,2022,26.785,6.582
Palau,PLW,Oceania,2022,14.934,13.422
American Samoa,ASM,Oceania,2022,17.12,6.967
French Polynesia,PYF,Oceania,2022,12.55,3.64
Samoa,WSM,Oceania,2022,26.997,5.45
Tonga,TON,Oceania,2022,22.894,6.885
Tuvalu,TUV,Oceania,2022,23.318,10.103
