Country Name,Country Code,Continent,Year,Birth Rate,Life Expectancy
Aruba,ABW,North America,2010,12.193,75.404
Afghanistan,AFG,Asia,2010,40.602,60.851
Angola,AGO,Africa,2010,44.97,56.726
Albania,ALB,Europe,2010,11.92,77.936
Andorra,AND,Europe,2010,9.8,0.0
United Arab Emirates,ARE,Asia,2010,13.665,78.334
Argentina,ARG,South America,2010,17.87,75.721
Armenia,ARM,Asia,2010,13.898,73.16
American Samoa,ASM,Oceania,2010,18.7,0.0
Antigua and Barbuda,ATG,North America,2010,14.715,76.82
Australia,AUS,Oceania,2010,13.7,81.69512195
Austria,AUT,Europe,2010,9.4,80.5804878
Azerbaijan,AZE,Asia,2010,18.3,69.529
Burundi,BDI,Africa,2010,46.691,57.081
Belgium,BEL,Europe,2010,11.9,80.18292683
Benin,BEN,Africa,2010,39.332,58.363
Burkina Faso,BFA,Africa,2010,43.206,56.477
Bangladesh,BGD,Asia,2010,21.379,68.638
Bulgaria,BGR,Europe,2010,10.2,73.51219512
Bahrain,BHR,Asia,2010,15.845,78.748
Bahamas,BHS,North America,2010,14.858,72.731
Bosnia and Herz.,BIH,Europe,2010,9.492,77.073
Belarus,BLR,Europe,2010,11.4,70.40487805
Belize,BLZ,North America,2010,22.533,72.272
Bermuda,BMU,North America,2010,12.0,80.499
Bolivia,BOL,South America,2010,25.749,66.162
Brazil,BRA,South America,2010,15.492,73.182
Barbados,BRB,North America,2010,12.115,75.712
Brunei,BRN,Asia,2010,17.128,74.849
Bhutan,BTN,Asia,2010,19.541,68.43
Botswana,BWA,Africa,2010,27.898,60.013
Central African Rep.,CAF,Africa,2010,43.237,49.255
Canada,CAN,North America,2010,11.2,81.32219512
Switzerland,CHE,Europe,2010,10.3,82.24634146
Chile,CHL,South America,2010,14.327,78.501
China,CHN,Asia,2010,11.9,75.599
Ivory Coast,CIV,Africa,2010,38.815,55.023
Cameroon,CMR,Africa,2010,39.958,56.582
Dem. Rep. Congo,COD,Africa,2010,44.526,56.417
Congo,COG,Africa,2010,38.858,61.683
Colombia,COL,South America,2010,16.909,75.033
Comoros,COM,Africa,2010,33.924,61.123
Cape Verde,CPV,Africa,2010,21.565,73.499
Costa Rica,CRI,North America,2010,16.04,78.67
Cuba,CUB,North America,2010,11.417,77.661
Curacao,CUW,North America,2010,13.6,0.0
Cayman Islands,CYM,North America,2010,14.8,82.1902439
Cyprus,CYP,Europe,2010,12.045,79.665
Czech Republic,CZE,Europe,2010,11.2,77.42439024
Germany,DEU,Europe,2010,8.3,79.98780488
Djibouti,DJI,Africa,2010,26.118,60.259
Dominica,DMA,North America,2010,14.009,71.55
Denmark,DNK,Europe,2010,11.4,79.1
Dominican Rep.,DOM,North America,2010,22.038,72.093
Algeria,DZA,Africa,2010,24.458,73.808
Ecuador,ECU,South America,2010,21.892,75.43
Egypt,EGY,Africa,2010,27.16,69.664
Eritrea,ERI,Africa,2010,33.692,63.787
Spain,ESP,Europe,2010,10.4,81.62682927
Estonia,EST,Europe,2010,11.9,75.42926829
Ethiopia,ETH,Africa,2010,36.528,59.73
Finland,FIN,Europe,2010,11.4,79.87073171
Fiji,FJI,Oceania,2010,22.664,67.328
France,FRA,Europe,2010,12.9,81.66341463
Faroe Islands,FRO,Europe,2010,13.2,80.63658537
Micronesia,FSM,Oceania,2010,23.696,71.233
Gabon,GAB,Africa,2010,33.177,63.898
United Kingdom,GBR,Europe,2010,12.9,80.40243902
Georgia,GEO,Asia,2010,15.109,72.128
Ghana,GHA,Africa,2010,33.004,61.157
Gibraltar,GIB,Europe,2010,11.959,80.958
Guinea,GIN,Africa,2010,39.369,56.72
Gambia,GMB,Africa,2010,41.084,60.717
Guinea-Bissau,GNB,Africa,2010,38.427,56.23
Eq. Guinea,GNQ,Africa,2010,38.674,57.878
Greece,GRC,Europe,2010,10.3,80.38780488
Grenada,GRD,North America,2010,17.927,74.999
Greenland,GRL,North America,2010,15.3,70.29195122
Guatemala,GTM,North America,2010,27.525,70.878
Guam,GUM,Oceania,2010,21.169,76.879
Guyana,GUY,South America,2010,21.705,66.743
Hong Kong,HKG,Asia,2010,12.6,82.97804878
Honduras,HND,North America,2010,25.392,71.088
Croatia,HRV,Europe,2010,9.8,76.47560976
Haiti,HTI,North America,2010,27.527,46.019
Hungary,HUN,Europe,2010,9.0,74.20731707
Indonesia,IDN,Asia,2010,20.158,68.679
Isle of Man,IMN,Europe,2010,12.826,78.983
India,IND,Asia,2010,21.438,66.909
Ireland,IRL,Europe,2010,16.5,80.74390244
Iran,IRN,Asia,2010,17.755,73.069
Iraq,IRQ,Asia,2010,34.291,67.062
Iceland,ISL,Europe,2010,15.4,81.89756098
Israel,ISR,Asia,2010,21.8,81.60243902
Italy,ITA,Europe,2010,9.5,82.03658537
Jamaica,JAM,North America,2010,15.329,72.622
Jordan,JOR,Asia,2010,28.605,74.0
Japan,JPN,Asia,2010,8.5,82.84268293
Kazakhstan,KAZ,Asia,2010,22.53,68.45
Kenya,KEN,Africa,2010,35.422,60.649
Kyrgyzstan,KGZ,Asia,2010,26.8,69.3
Cambodia,KHM,Asia,2010,23.669,67.712
Kiribati,KIR,Oceania,2010,30.783,65.016
Saint Kitts and Nevis,KNA,North America,2010,14.789,71.27
South Korea,KOR,Asia,2010,9.4,80.11707317
Kuwait,KWT,Asia,2010,21.203,77.982
Laos,LAO,Asia,2010,27.042,63.973
Lebanon,LBN,Asia,2010,17.565,78.156
Liberia,LBR,Africa,2010,38.074,59.433
Libya,LBY,Africa,2010,23.562,72.374
Saint Lucia,LCA,North America,2010,12.618,72.72
Liechtenstein,LIE,Europe,2010,9.1,81.84146341
Sri Lanka,LKA,Asia,2010,17.553,73.215
Lithuania,LTU,Europe,2010,9.9,73.26829268
Luxembourg,LUX,Europe,2010,11.6,80.63170732
Latvia,LVA,Europe,2010,9.4,73.48292683
Macau,MAC,Asia,2010,9.561,83.109
Saint Martin,MAF,North America,2010,18.63,78.406
Morocco,MAR,Africa,2010,21.402,70.829
Monaco,MCO,Europe,2010,0.0,0.0
Moldova,MDA,Europe,2010,14.265,69.357
Madagascar,MDG,Africa,2010,36.041,62.873
Maldives,MDV,Asia,2010,21.165,77.657
Mexico,MEX,North America,2010,20.152,74.19
Marshall Islands,MHL,Oceania,2010,30.129,63.226
North Macedonia,MKD,Europe,2010,11.8,74.99756098
Mali,MLI,Africa,2010,46.588,56.382
Malta,MLT,Europe,2010,9.4,81.39756098
Myanmar,MMR,Asia,2010,19.409,63.329
Montenegro,MNE,Europe,2010,12.0,75.9902439
Mongolia,MNG,Asia,2010,23.349,67.182
Mozambique,MOZ,Africa,2010,42.013,54.198
Mauritania,MRT,Africa,2010,36.772,63.105
Mauritius,MUS,Africa,2010,12.0,72.96731707
Malawi,MWI,Africa,2010,40.825,56.381
Malaysia,MYS,Asia,2010,17.002,74.442
Namibia,NAM,Africa,2010,30.423,56.015
New Caledonia,NCL,Oceania,2010,16.7,77.2804878
Niger,NER,Africa,2010,48.51,58.367
Nigeria,NGA,Africa,2010,42.094,50.945
Nicaragua,NIC,North America,2010,24.105,72.009
Netherlands,NLD,Europe,2010,11.1,80.70243902
Norway,NOR,Europe,2010,12.6,80.99756098
Nepal,NPL,Asia,2010,22.589,66.814
Nauru,NRU,Oceania,2010,34.435,59.64
New Zealand,NZL,Oceania,2010,14.68,80.90487805
Oman,OMN,Asia,2010,23.421,76.269
Pakistan,PAK,Asia,2010,32.109,64.436
Panama,PAN,North America,2010,21.165,76.448
Peru,PER,South America,2010,21.066,73.711
Philippines,PHL,Asia,2010,25.511,70.754
Palau,PLW,Oceania,2010,11.9,0.0
Papua New Guinea,PNG,Oceania,2010,30.445,63.039
Poland,POL,Europe,2010,10.9,76.24634146
Puerto Rico,PRI,North America,2010,11.3,78.01
North Korea,PRK,Asia,2010,12.706,70.419
Portugal,PRT,Europe,2010,9.6,79.02682927
Paraguay,PRY,South America,2010,22.606,71.887
Palestine,PSE,Asia,2010,33.727,73.004
French Polynesia,PYF,Oceania,2010,17.38,81.039
Qatar,QAT,Asia,2010,10.803,78.425
Romania,ROU,Europe,2010,10.5,73.45853659
Russia,RUS,Europe,2010,12.5,68.84121951
Rwanda,RWA,Africa,2010,34.836,62.54
Saudi Arabia,SAU,Asia,2010,21.894,75.763
Sudan,SDN,Africa,2010,37.497,63.016
Senegal,SEN,Africa,2010,37.74,64.615
Singapore,SGP,Asia,2010,9.3,81.54146341
Solomon Islands,SLB,Oceania,2010,33.641,68.732
Sierra Leone,SLE,Africa,2010,38.887,53.693
El Salvador,SLV,North America,2010,19.428,71.848
San Marino,SMR,Europe,2010,10.3,0.0
Somalia,SOM,Africa,2010,47.696,50.563
Serbia,SRB,Europe,2010,9.4,74.33658537
S. Sudan,SSD,Africa,2010,40.18,54.812
Sao Tome and Principe,STP,Africa,2010,36.873,65.249
Suriname,SUR,South America,2010,20.361,69.894
Slovakia,SVK,Europe,2010,11.2,75.11219512
Slovenia,SVN,Europe,2010,10.9,79.42195122
Sweden,SWE,Europe,2010,12.3,81.45121951
eSwatini,SWZ,Africa,2010,30.083,46.619
Sint Maarten,SXM,North America,2010,13.1,75.132
Seychelles,SYC,Africa,2010,16.8,73.19756098
Syria,SYR,Asia,2010,28.675,73.881
Turks and Caicos Islands,TCA,North America,2010,13.702,76.243
Chad,TCD,Africa,2010,48.764,49.584
Togo,TGO,Africa,2010,37.351,57.304
Thailand,THA,Asia,2010,11.926,76.131
Tajikistan,TJK,Asia,2010,31.045,67.742
Turkmenistan,TKM,Asia,2010,25.273,68.293
Timor-Leste,TLS,Asia,2010,31.39,65.304
Tonga,TON,Oceania,2010,27.266,70.323
Trinidad and Tobago,TTO,North America,2010,14.842,72.725
Tunisia,TUN,Africa,2010,18.211,75.421
Turkey,TUR,Asia,2010,17.746,75.069
Tuvalu,TUV,Oceania,2010,22.32,63.978
Tanzania,TZA,Africa,2010,39.729,60.105
Uganda,UGA,Africa,2010,43.068,57.055
Ukraine,UKR,Europe,2010,10.8,70.26536585
Uruguay,URY,South America,2010,14.264,76.858
United States of America,USA,North America,2010,13.0,78.54146341
Uzbekistan,UZB,Asia,2010,22.0,69.235
Saint Vincent and the Grenadines,VCT,North America,2010,16.854,74.718
Venezuela,VEN,South America,2010,20.805,72.89
British Virgin Islands,VGB,North America,2010,9.863,75.428
United States Virgin Islands,VIR,North America,2010,14.8,77.86585366
Vietnam,VNM,Asia,2010,16.906,73.513
Vanuatu,VUT,Oceania,2010,33.056,69.617
Samoa,WSM,Oceania,2010,30.195,72.249
Yemen,YEM,Asia,2010,35.791,67.28
South Africa,ZAF,Africa,2010,22.274,58.899
Zambia,ZMB,Africa,2010,41.794,56.799
Zimbabwe,ZWE,Africa,2010,37.056,50.652
Aruba,ABW,North America,2011,12.246,75.465
Afghanistan,AFG,Asia,2011,39.855,61.419
Angola,AGO,Africa,2011,44.364,57.596
Albania,ALB,Europe,2011,12.035,78.092
Andorra,AND,Europe,2011,0.0,0.0
United Arab Emirates,ARE,Asia,2011,13.292,78.517
Argentina,ARG,South America,2011,17.806,76.124
Armenia,ARM,Asia,2011,14.046,73.305
American Samoa,ASM,Oceania,2011,0.0,0.0
Antigua and Barbuda,ATG,North America,2011,14.313,77.104
Australia,AUS,Oceania,2011,13.6,81.89512195
Austria,AUT,Europe,2011,9.3,80.98292683
Azerbaijan,AZE,Asia,2011,19.2,69.984
Burundi,BDI,Africa,2011,45.583,57.769
Belgium,BEL,Europe,2011,11.7,80.58536585
Benin,BEN,Africa,2011,39.202,58.462
Burkina Faso,BFA,Africa,2011,42.805,57.125
Bangladesh,BGD,Asia,2011,20.569,68.809
Bulgaria,BGR,Europe,2011,9.6,74.16341463
Bahrain,BHR,Asia,2011,15.759,78.89
Bahamas,BHS,North America,2011,14.075,72.564
Bosnia and Herz.,BIH,Europe,2011,8.878,77.007
Belarus,BLR,Europe,2011,11.5,70.55365854
Belize,BLZ,North America,2011,22.53,72.651
Bermuda,BMU,North America,2011,10.6,81.403
Bolivia,BOL,South America,2011,25.338,66.534
Brazil,BRA,South America,2011,15.309,73.343
Barbados,BRB,North America,2011,11.846,75.917
Brunei,BRN,Asia,2011,17.344,74.858
Bhutan,BTN,Asia,2011,18.994,68.881
Botswana,BWA,Africa,2011,27.596,60.53
Central African Rep.,CAF,Africa,2011,43.223,49.948
Canada,CAN,North America,2011,11.0,81.48268293
Switzerland,CHE,Europe,2011,10.2,82.69512195
Chile,CHL,South America,2011,14.109,79.11
China,CHN,Asia,2011,13.27,75.903
Ivory Coast,CIV,Africa,2011,38.435,55.52
Cameroon,CMR,Africa,2011,39.368,57.133
Dem. Rep. Congo,COD,Africa,2011,44.701,57.069
Congo,COG,Africa,2011,38.232,61.992
Colombia,COL,South America,2011,16.609,75.32
Comoros,COM,Africa,2011,33.841,61.503
Cape Verde,CPV,Africa,2011,21.727,74.257
Costa Rica,CRI,North America,2011,15.772,79.348
Cuba,CUB,North America,2011,11.76,77.76
Curacao,CUW,North America,2011,13.1,77.47317073
Cayman Islands,CYM,North America,2011,14.5,0.0
Cyprus,CYP,Europe,2011,11.507,79.999
Czech Republic,CZE,Europe,2011,10.4,77.87317073
Germany,DEU,Europe,2011,8.3,80.43658537
Djibouti,DJI,Africa,2011,25.521,60.433
Dominica,DMA,North America,2011,13.679,69.695
Denmark,DNK,Europe,2011,10.6,79.8
Dominican Rep.,DOM,North America,2011,21.792,72.221
Algeria,DZA,Africa,2011,24.815,74.123
Ecuador,ECU,South America,2011,21.702,75.743
Egypt,EGY,Africa,2011,27.379,69.88
Eritrea,ERI,Africa,2011,33.114,64.402
Spain,ESP,Europe,2011,10.1,82.47560976
Estonia,EST,Europe,2011,11.1,76.22926829
Ethiopia,ETH,Africa,2011,35.846,60.721
Finland,FIN,Europe,2011,11.1,80.47073171
Fiji,FJI,Oceania,2011,22.126,67.523
France,FRA,Europe,2011,12.7,82.11463415
Faroe Islands,FRO,Europe,2011,12.0,80.93902439
Micronesia,FSM,Oceania,2011,23.405,71.318
Gabon,GAB,Africa,2011,33.223,64.045
United Kingdom,GBR,Europe,2011,12.8,80.95121951
Georgia,GEO,Asia,2011,14.937,72.39
Ghana,GHA,Africa,2011,32.957,61.652
Gibraltar,GIB,Europe,2011,12.096,81.871
Guinea,GIN,Africa,2011,38.902,57.019
Gambia,GMB,Africa,2011,40.69,61.526
Guinea-Bissau,GNB,Africa,2011,38.303,56.967
Eq. Guinea,GNQ,Africa,2011,38.06,58.412
Greece,GRC,Europe,2011,9.6,80.73170732
Grenada,GRD,North America,2011,17.918,75.295
Greenland,GRL,North America,2011,14.4,69.82487805
Guatemala,GTM,North America,2011,27.198,71.177
Guam,GUM,Oceania,2011,20.088,76.872
Guyana,GUY,South America,2011,21.621,66.982
Hong Kong,HKG,Asia,2011,13.5,83.42195122
Honduras,HND,North America,2011,24.717,71.439
Croatia,HRV,Europe,2011,9.6,76.77560976
Haiti,HTI,North America,2011,27.203,61.623
Hungary,HUN,Europe,2011,8.8,74.85853659
Indonesia,IDN,Asia,2011,20.345,68.823
Isle of Man,IMN,Europe,2011,11.452,79.19
India,IND,Asia,2011,20.945,67.359
Ireland,IRL,Europe,2011,16.2,80.74634146
Iran,IRN,Asia,2011,18.164,73.679
Iraq,IRQ,Asia,2011,35.09,67.659
Iceland,ISL,Europe,2011,14.1,82.35853659
Israel,ISR,Asia,2011,21.4,81.65609756
Italy,ITA,Europe,2011,9.2,82.18780488
Jamaica,JAM,North America,2011,15.264,73.094
Jordan,JOR,Asia,2011,27.84,74.189
Japan,JPN,Asia,2011,8.3,82.59121951
Kazakhstan,KAZ,Asia,2011,22.51,68.69
Kenya,KEN,Africa,2011,34.24,61.046
Kyrgyzstan,KGZ,Asia,2011,27.1,69.60243902
Cambodia,KHM,Asia,2011,23.369,68.416
Kiribati,KIR,Oceania,2011,30.995,65.19
Saint Kitts and Nevis,KNA,North America,2011,14.53,71.538
South Korea,KOR,Asia,2011,9.4,80.56829268
Kuwait,KWT,Asia,2011,20.949,78.464
Laos,LAO,Asia,2011,26.467,64.736
Lebanon,LBN,Asia,2011,17.866,78.404
Liberia,LBR,Africa,2011,37.395,59.62
Libya,LBY,Africa,2011,23.885,70.071
Saint Lucia,LCA,North America,2011,12.55,72.944
Liechtenstein,LIE,Europe,2011,10.9,81.79268293
Sri Lanka,LKA,Asia,2011,17.512,73.38
Lithuania,LTU,Europe,2011,10.0,73.56341463
Luxembourg,LUX,Europe,2011,10.9,80.98780488
Latvia,LVA,Europe,2011,9.1,73.57560976
Macau,MAC,Asia,2011,10.475,83.229
Saint Martin,MAF,North America,2011,18.562,78.827
Morocco,MAR,Africa,2011,21.507,71.269
Monaco,MCO,Europe,2011,0.0,0.0
Moldova,MDA,Europe,2011,13.864,69.192
Madagascar,MDG,Africa,2011,35.063,63.494
Maldives,MDV,Asia,2011,20.527,78.124
Mexico,MEX,North America,2011,19.917,74.365
Marshall Islands,MHL,Oceania,2011,28.631,63.256
North Macedonia,MKD,Europe,2011,11.1,75.1
Mali,MLI,Africa,2011,46.234,56.755
Malta,MLT,Europe,2011,10.0,80.74634146
Myanmar,MMR,Asia,2011,19.104,63.901
Montenegro,MNE,Europe,2011,11.6,75.98292683
Mongolia,MNG,Asia,2011,24.13,67.439
Mozambique,MOZ,Africa,2011,41.605,54.869
Mauritania,MRT,Africa,2011,36.712,63.346
Mauritius,MUS,Africa,2011,11.7,73.26682927
Malawi,MWI,Africa,2011,39.89,57.455
Malaysia,MYS,Asia,2011,17.261,74.746
Namibia,NAM,Africa,2011,30.776,56.553
New Caledonia,NCL,Oceania,2011,16.2,76.63170732
Niger,NER,Africa,2011,47.99,58.994
Nigeria,NGA,Africa,2011,41.798,51.357
Nicaragua,NIC,North America,2011,23.881,72.416
Netherlands,NLD,Europe,2011,10.8,81.20487805
Norway,NOR,Europe,2011,12.2,81.29512195
Nepal,NPL,Asia,2011,22.372,67.313
Nauru,NRU,Oceania,2011,34.913,60.24
New Zealand,NZL,Oceania,2011,14.0,81.15609756
Oman,OMN,Asia,2011,22.627,76.608
Pakistan,PAK,Asia,2011,31.872,64.648
Panama,PAN,North America,2011,21.213,76.627
Peru,PER,South America,2011,20.75,74.133
Philippines,PHL,Asia,2011,24.416,70.788
Palau,PLW,Oceania,2011,11.8,0.0
Papua New Guinea,PNG,Oceania,2011,30.028,63.526
Poland,POL,Europe,2011,10.2,76.69512195
Puerto Rico,PRI,North America,2011,11.1,78.316
North Korea,PRK,Asia,2011,12.728,70.978
Portugal,PRT,Europe,2011,9.2,80.47073171
Paraguay,PRY,South America,2011,22.324,72.131
Palestine,PSE,Asia,2011,33.382,73.243
French Polynesia,PYF,Oceania,2011,16.605,81.429
Qatar,QAT,Asia,2011,11.366,78.891
Romania,ROU,Europe,2011,9.7,74.4097561
Russia,RUS,Europe,2011,12.6,69.68390244
Rwanda,RWA,Africa,2011,33.658,63.261
Saudi Arabia,SAU,Asia,2011,21.634,76.234
Sudan,SDN,Africa,2011,36.91,63.246
Senegal,SEN,Africa,2011,37.502,65.262
Singapore,SGP,Asia,2011,9.5,81.74390244
Solomon Islands,SLB,Oceania,2011,33.633,68.908
Sierra Leone,SLE,Africa,2011,38.282,54.62
El Salvador,SLV,North America,2011,19.372,71.859
San Marino,SMR,Europe,2011,10.0,0.0
Somalia,SOM,Africa,2011,47.53,51.304
Serbia,SRB,Europe,2011,9.1,74.53658537
S. Sudan,SSD,Africa,2011,40.255,54.94
Sao Tome and Principe,STP,Africa,2011,36.628,64.902
Suriname,SUR,South America,2011,20.06,69.914
Slovakia,SVK,Europe,2011,11.3,75.95853659
Slovenia,SVN,Europe,2011,10.7,79.97073171
Sweden,SWE,Europe,2011,11.8,81.80243902
eSwatini,SWZ,Africa,2011,29.665,48.195
Sint Maarten,SXM,North America,2011,12.9,74.684
Seychelles,SYC,Africa,2011,18.6,72.72439024
Syria,SYR,Asia,2011,27.52,73.305
Turks and Caicos Islands,TCA,North America,2011,13.488,76.195
Chad,TCD,Africa,2011,48.357,50.009
Togo,TGO,Africa,2011,36.632,57.925
Thailand,THA,Asia,2011,11.95,76.421
Tajikistan,TJK,Asia,2011,31.274,68.148
Turkmenistan,TKM,Asia,2011,25.969,68.567
Timor-Leste,TLS,Asia,2011,30.667,65.697
Tonga,TON,Oceania,2011,26.943,70.381
Trinidad and Tobago,TTO,North America,2011,14.781,73.278
Tunisia,TUN,Africa,2011,18.934,75.46
Turkey,TUR,Asia,2011,17.638,74.941
Tuvalu,TUV,Oceania,2011,22.512,63.974
Tanzania,TZA,Africa,2011,39.076,61.049
Uganda,UGA,Africa,2011,42.434,57.965
Ukraine,UKR,Europe,2011,11.0,70.80926829
Uruguay,URY,South America,2011,14.223,76.983
United States of America,USA,North America,2011,12.7,78.64146341
Uzbekistan,UZB,Asia,2011,21.2,69.649
Saint Vincent and the Grenadines,VCT,North America,2011,16.484,74.596
Venezuela,VEN,South America,2011,20.466,72.913
British Virgin Islands,VGB,North America,2011,10.242,75.486
United States Virgin Islands,VIR,North America,2011,13.8,78.31707317
Vietnam,VNM,Asia,2011,16.929,73.692
Vanuatu,VUT,Oceania,2011,33.279,69.551
Samoa,WSM,Oceania,2011,30.466,72.26
Yemen,YEM,Asia,2011,35.49,67.419
South Africa,ZAF,Africa,2011,22.282,60.651
Zambia,ZMB,Africa,2011,41.162,57.771
Zimbabwe,ZWE,Africa,2011,37.205,53.347
Aruba,ABW,North America,2012,12.723,75.531
Afghanistan,AFG,Asia,2012,40.009,61.923
Angola,AGO,Africa,2012,43.86,58.623
Albania,ALB,Europe,2012,12.227,78.064
Andorra,AND,Europe,2012,9.5,0.0
United Arab Emirates,ARE,Asia,2012,12.911,78.716
Argentina,ARG,South America,2012,17.729,76.467
Armenia,ARM,Asia,2012,15.094,73.454
American Samoa,ASM,Oceania,2012,0.0,0.0
Antigua and Barbuda,ATG,North America,2012,13.497,77.35
Australia,AUS,Oceania,2012,13.7,82.04634146
Austria,AUT,Europe,2012,9.4,80.93658537
Azerbaijan,AZE,Asia,2012,18.8,70.36
Burundi,BDI,Africa,2012,44.413,58.493
Belgium,BEL,Europe,2012,11.5,80.38536585
Benin,BEN,Africa,2012,39.122,58.716
Burkina Faso,BFA,Africa,2012,42.336,57.619
Bangladesh,BGD,Asia,2012,20.117,69.554
Bulgaria,BGR,Europe,2012,9.5,74.31463415
Bahrain,BHR,Asia,2012,15.955,79.081
Bahamas,BHS,North America,2012,14.114,72.753
Bosnia and Herz.,BIH,Europe,2012,9.211,77.191
Belarus,BLR,Europe,2012,12.2,71.96585366
Belize,BLZ,North America,2012,22.43,73.245
Bermuda,BMU,North America,2012,10.4,81.272
Bolivia,BOL,South America,2012,24.934,66.705
Brazil,BRA,South America,2012,14.939,73.552
Barbados,BRB,North America,2012,11.603,76.099
Brunei,BRN,Asia,2012,17.334,74.827
Bhutan,BTN,Asia,2012,18.541,69.326
Botswana,BWA,Africa,2012,27.407,60.8
Central African Rep.,CAF,Africa,2012,43.006,50.686
Canada,CAN,North America,2012,11.0,81.66365854
Switzerland,CHE,Europe,2012,10.3,82.69756098
Chile,CHL,South America,2012,13.857,79.023
China,CHN,Asia,2012,14.57,76.192
Ivory Coast,CIV,Africa,2012,37.742,56.158
Cameroon,CMR,Africa,2012,38.76,57.792
Dem. Rep. Congo,COD,Africa,2012,44.646,57.248
Congo,COG,Africa,2012,37.508,62.317
Colombia,COL,South America,2012,16.344,75.597
Comoros,COM,Africa,2012,33.408,61.834
Cape Verde,CPV,Africa,2012,20.233,74.484
Costa Rica,CRI,North America,2012,15.483,79.283
Cuba,CUB,North America,2012,11.191,77.833
Curacao,CUW,North America,2012,13.4,77.52439024
Cayman Islands,CYM,North America,2012,13.6,0.0
Cyprus,CYP,Europe,2012,11.762,80.109
Czech Republic,CZE,Europe,2012,10.3,78.07560976
Germany,DEU,Europe,2012,8.4,80.53902439
Djibouti,DJI,Africa,2012,25.06,60.848
Dominica,DMA,North America,2012,13.516,70.538
Denmark,DNK,Europe,2012,10.4,80.05121951
Dominican Rep.,DOM,North America,2012,21.454,72.514
Algeria,DZA,Africa,2012,25.382,74.202
Ecuador,ECU,South America,2012,21.004,76.062
Egypt,EGY,Africa,2012,27.978,70.085
Eritrea,ERI,Africa,2012,32.424,64.838
Spain,ESP,Europe,2012,9.7,82.42682927
Estonia,EST,Europe,2012,10.6,76.32682927
Ethiopia,ETH,Africa,2012,34.845,61.543
Finland,FIN,Europe,2012,11.0,80.62682927
Fiji,FJI,Oceania,2012,21.925,67.552
France,FRA,Europe,2012,12.6,81.96829268
Faroe Islands,FRO,Europe,2012,12.9,81.1902439
Micronesia,FSM,Oceania,2012,22.975,71.398
Gabon,GAB,Africa,2012,32.718,64.587
United Kingdom,GBR,Europe,2012,12.8,80.90487805
Georgia,GEO,Asia,2012,14.842,72.412
Ghana,GHA,Africa,2012,32.885,62.081
Gibraltar,GIB,Europe,2012,12.14,83.366
Guinea,GIN,Africa,2012,38.44,57.406
Gambia,GMB,Africa,2012,40.136,62.096
Guinea-Bissau,GNB,Africa,2012,37.945,57.69
Eq. Guinea,GNQ,Africa,2012,37.458,58.865
Greece,GRC,Europe,2012,9.1,80.63414634
Grenada,GRD,North America,2012,17.897,75.042
Greenland,GRL,North America,2012,13.9,70.55
Guatemala,GTM,North America,2012,26.91,71.463
Guam,GUM,Oceania,2012,21.422,76.707
Guyana,GUY,South America,2012,21.544,67.23
Hong Kong,HKG,Asia,2012,12.8,83.4804878
Honduras,HND,North America,2012,24.111,71.734
Croatia,HRV,Europe,2012,9.8,76.92439024
Haiti,HTI,North America,2012,26.595,62.291
Hungary,HUN,Europe,2012,9.1,75.06341463
Indonesia,IDN,Asia,2012,20.093,68.973
Isle of Man,IMN,Europe,2012,10.908,79.337
India,IND,Asia,2012,20.421,67.887
Ireland,IRL,Europe,2012,15.6,80.84634146
Iran,IRN,Asia,2012,18.926,74.186
Iraq,IRQ,Asia,2012,34.603,68.023
Iceland,ISL,Europe,2012,14.1,82.91707317
Israel,ISR,Asia,2012,21.6,81.70487805
Italy,ITA,Europe,2012,9.0,82.23902439
Jamaica,JAM,North America,2012,15.037,73.433
Jordan,JOR,Asia,2012,27.018,74.366
Japan,JPN,Asia,2012,8.2,83.09609756
Kazakhstan,KAZ,Asia,2012,22.7,69.52
Kenya,KEN,Africa,2012,33.174,61.115
Kyrgyzstan,KGZ,Asia,2012,27.6,70.00243902
Cambodia,KHM,Asia,2012,23.294,68.915
Kiribati,KIR,Oceania,2012,30.544,65.378
Saint Kitts and Nevis,KNA,North America,2012,14.268,71.669
South Korea,KOR,Asia,2012,9.6,80.8195122
Kuwait,KWT,Asia,2012,20.036,78.812
Laos,LAO,Asia,2012,25.811,65.355
Lebanon,LBN,Asia,2012,17.899,78.628
Liberia,LBR,Africa,2012,37.307,59.913
Libya,LBY,Africa,2012,21.953,72.247
Saint Lucia,LCA,North America,2012,12.496,72.882
Liechtenstein,LIE,Europe,2012,9.7,82.38292683
Sri Lanka,LKA,Asia,2012,17.318,73.906
Lithuania,LTU,Europe,2012,10.2,73.86341463
Luxembourg,LUX,Europe,2012,11.3,81.39268293
Latvia,LVA,Europe,2012,9.8,73.77804878
Macau,MAC,Asia,2012,11.319,83.326
Saint Martin,MAF,North America,2012,20.904,79.022
Morocco,MAR,Africa,2012,21.304,71.679
Monaco,MCO,Europe,2012,0.0,0.0
Moldova,MDA,Europe,2012,13.746,69.143
Madagascar,MDG,Africa,2012,34.271,63.544
Maldives,MDV,Asia,2012,19.865,78.682
Mexico,MEX,North America,2012,19.635,74.574
Marshall Islands,MHL,Oceania,2012,27.379,63.373
North Macedonia,MKD,Europe,2012,11.4,74.90243902
Mali,MLI,Africa,2012,45.918,57.079
Malta,MLT,Europe,2012,9.8,80.74634146
Myanmar,MMR,Asia,2012,18.762,64.141
Montenegro,MNE,Europe,2012,12.0,76.2
Mongolia,MNG,Asia,2012,25.297,68.111
Mozambique,MOZ,Africa,2012,41.079,55.639
Mauritania,MRT,Africa,2012,36.398,63.578
Mauritius,MUS,Africa,2012,11.5,73.86341463
Malawi,MWI,Africa,2012,38.794,58.679
Malaysia,MYS,Asia,2012,17.209,74.944
Namibia,NAM,Africa,2012,31.054,57.64
New Caledonia,NCL,Oceania,2012,16.9,77.07804878
Niger,NER,Africa,2012,47.398,59.65
Nigeria,NGA,Africa,2012,41.241,51.497
Nicaragua,NIC,North America,2012,23.647,72.615
Netherlands,NLD,Europe,2012,10.5,81.10487805
Norway,NOR,Europe,2012,12.0,81.45121951
Nepal,NPL,Asia,2012,22.335,67.47
Nauru,NRU,Oceania,2012,34.497,60.715
New Zealand,NZL,Oceania,2012,13.87,81.40731707
Oman,OMN,Asia,2012,21.943,77.061
Pakistan,PAK,Asia,2012,31.601,64.782
Panama,PAN,North America,2012,21.129,76.819
Peru,PER,South America,2012,20.225,74.544
Philippines,PHL,Asia,2012,24.457,70.881
Palau,PLW,Oceania,2012,15.3,0.0
Papua New Guinea,PNG,Oceania,2012,29.555,63.733
Poland,POL,Europe,2012,10.1,76.74634146
Puerto Rico,PRI,North America,2012,10.6,78.461
North Korea,PRK,Asia,2012,12.957,71.626
Portugal,PRT,Europe,2012,8.5,80.37317073
Paraguay,PRY,South America,2012,22.069,72.454
Palestine,PSE,Asia,2012,32.894,73.466
French Polynesia,PYF,Oceania,2012,16.231,81.759
Qatar,QAT,Asia,2012,11.235,79.227
Romania,ROU,Europe,2012,10.0,74.41219512
Russia,RUS,Europe,2012,13.3,70.07219512
Rwanda,RWA,Africa,2012,32.818,64.009
Saudi Arabia,SAU,Asia,2012,21.245,76.461
Sudan,SDN,Africa,2012,36.316,63.792
Senegal,SEN,Africa,2012,37.207,65.457
Singapore,SGP,Asia,2012,10.1,81.99512195
Solomon Islands,SLB,Oceania,2012,33.619,69.084
Sierra Leone,SLE,Africa,2012,37.569,55.451
El Salvador,SLV,North America,2012,19.151,71.831
San Marino,SMR,Europe,2012,8.7,0.0
Somalia,SOM,Africa,2012,47.282,53.161
Serbia,SRB,Europe,2012,9.3,74.83658537
S. Sudan,SSD,Africa,2012,39.872,55.865
Sao Tome and Principe,STP,Africa,2012,36.148,65.746
Suriname,SUR,South America,2012,19.792,69.764
Slovakia,SVK,Europe,2012,10.3,76.1097561
Slovenia,SVN,Europe,2012,10.7,80.12439024
Sweden,SWE,Europe,2012,11.9,81.70487805
eSwatini,SWZ,Africa,2012,29.294,49.835
Sint Maarten,SXM,North America,2012,12.0,74.608
Seychelles,SYC,Africa,2012,18.6,74.27560976
Syria,SYR,Asia,2012,26.618,66.769
Turks and Caicos Islands,TCA,North America,2012,13.258,77.037
Chad,TCD,Africa,2012,48.019,50.54
Togo,TGO,Africa,2012,35.846,58.073
Thailand,THA,Asia,2012,11.754,76.772
Tajikistan,TJK,Asia,2012,31.169,68.484
Turkmenistan,TKM,Asia,2012,26.452,68.722
Timor-Leste,TLS,Asia,2012,29.822,66.081
Tonga,TON,Oceania,2012,26.505,70.442
Trinidad and Tobago,TTO,North America,2012,14.572,73.716
Tunisia,TUN,Africa,2012,19.184,75.55
Turkey,TUR,Asia,2012,17.664,75.678
Tuvalu,TUV,Oceania,2012,22.741,63.964
Tanzania,TZA,Africa,2012,38.329,62.03
Uganda,UGA,Africa,2012,41.743,58.817
Ukraine,UKR,Europe,2012,11.4,70.94414634
Uruguay,URY,South America,2012,14.196,77.111
United States of America,USA,North America,2012,12.6,78.74146341
Uzbekistan,UZB,Asia,2012,21.0,69.874
Saint Vincent and the Grenadines,VCT,North America,2012,16.509,74.146
Venezuela,VEN,South America,2012,20.143,73.036
British Virgin Islands,VGB,North America,2012,9.002,75.532
United States Virgin Islands,VIR,North America,2012,13.1,78.51707317
Vietnam,VNM,Asia,2012,17.078,73.704
Vanuatu,VUT,Oceania,2012,33.249,69.497
Samoa,WSM,Oceania,2012,30.486,72.167
Yemen,YEM,Asia,2012,35.125,67.343
South Africa,ZAF,Africa,2012,22.353,61.846
Zambia,ZMB,Africa,2012,40.352,58.867
Zimbabwe,ZWE,Africa,2012,36.804,55.626
Aruba,ABW,North America,2013,13.316,75.636
Afghanistan,AFG,Asia,2013,39.601,62.417
Angola,AGO,Africa,2013,43.282,59.307
Albania,ALB,Europe,2013,12.279,78.123
Andorra,AND,Europe,2013,0.0,0.0
United Arab Emirates,ARE,Asia,2013,12.438,78.853
Argentina,ARG,South America,2013,17.632,76.491
Armenia,ARM,Asia,2013,15.055,73.676
American Samoa,ASM,Oceania,2013,0.0,0.0
Antigua and Barbuda,ATG,North America,2013,12.469,77.583
Australia,AUS,Oceania,2013,13.3,82.14878049
Austria,AUT,Europe,2013,9.4,81.13658537
Azerbaijan,AZE,Asia,2013,18.3,70.881
Burundi,BDI,Africa,2013,43.402,59.235
Belgium,BEL,Europe,2013,11.3,80.58780488
Benin,BEN,Africa,2013,39.129,58.965
Burkina Faso,BFA,Africa,2013,41.71,57.823
Bangladesh,BGD,Asia,2013,19.9,69.565
Bulgaria,BGR,Europe,2013,9.2,74.86097561
Bahrain,BHR,Asia,2013,15.862,79.246
Bahamas,BHS,North America,2013,12.244,73.024
Bosnia and Herz.,BIH,Europe,2013,8.949,76.33
Belarus,BLR,Europe,2013,12.5,72.47073171
Belize,BLZ,North America,2013,22.335,73.666
Bermuda,BMU,North America,2013,10.5,79.992
Bolivia,BOL,South America,2013,24.541,67.021
Brazil,BRA,South America,2013,14.69,73.918
Barbados,BRB,North America,2013,11.392,76.275
Brunei,BRN,Asia,2013,17.203,74.799
Bhutan,BTN,Asia,2013,18.218,69.707
Botswana,BWA,Africa,2013,27.097,61.996
Central African Rep.,CAF,Africa,2013,42.414,50.902
Canada,CAN,North America,2013,10.9,81.74487805
Switzerland,CHE,Europe,2013,10.2,82.79756098
Chile,CHL,South America,2013,13.697,79.339
China,CHN,Asia,2013,13.03,76.452
Ivory Coast,CIV,Africa,2013,37.137,56.748
Cameroon,CMR,Africa,2013,38.237,58.476
Dem. Rep. Congo,COD,Africa,2013,44.229,57.762
Congo,COG,Africa,2013,36.498,62.695
Colombia,COL,South America,2013,16.088,75.827
Comoros,COM,Africa,2013,32.996,62.224
Cape Verde,CPV,Africa,2013,19.649,75.059
Costa Rica,CRI,North America,2013,15.093,79.403
Cuba,CUB,North America,2013,11.122,77.87
Curacao,CUW,North America,2013,12.7,77.82682927
Cayman Islands,CYM,North America,2013,12.5,0.0
Cyprus,CYP,Europe,2013,11.088,80.402
Czech Republic,CZE,Europe,2013,10.2,78.17560976
Germany,DEU,Europe,2013,8.5,80.4902439
Djibouti,DJI,Africa,2013,24.66,61.221
Dominica,DMA,North America,2013,13.369,68.896
Denmark,DNK,Europe,2013,10.0,80.3
Dominican Rep.,DOM,North America,2013,21.166,72.713
Algeria,DZA,Africa,2013,25.236,74.615
Ecuador,ECU,South America,2013,20.1,76.369
Egypt,EGY,Africa,2013,28.455,70.052
Eritrea,ERI,Africa,2013,31.719,65.067
Spain,ESP,Europe,2013,9.1,83.07804878
Estonia,EST,Europe,2013,10.3,77.14146341
Ethiopia,ETH,Africa,2013,33.938,62.373
Finland,FIN,Europe,2013,10.7,80.97560976
Fiji,FJI,Oceania,2013,21.835,67.428
France,FRA,Europe,2013,12.4,82.2195122
Faroe Islands,FRO,Europe,2013,13.0,81.44146341
Micronesia,FSM,Oceania,2013,22.652,71.499
Gabon,GAB,Africa,2013,32.182,64.776
United Kingdom,GBR,Europe,2013,12.1,81.00487805
Georgia,GEO,Asia,2013,15.102,72.628
Ghana,GHA,Africa,2013,32.535,62.42
Gibraltar,GIB,Europe,2013,11.731,80.55
Guinea,GIN,Africa,2013,38.134,57.791
Gambia,GMB,Africa,2013,39.398,62.114
Guinea-Bissau,GNB,Africa,2013,37.46,58.232
Eq. Guinea,GNQ,Africa,2013,36.803,59.224
Greece,GRC,Europe,2013,8.6,81.28536585
Grenada,GRD,North America,2013,17.836,75.116
Greenland,GRL,North America,2013,14.5,71.57341463
Guatemala,GTM,North America,2013,26.336,71.728
Guam,GUM,Oceania,2013,19.469,76.72
Guyana,GUY,South America,2013,21.502,67.473
Hong Kong,HKG,Asia,2013,8.0,83.83170732
Honduras,HND,North America,2013,23.569,71.963
Croatia,HRV,Europe,2013,9.4,77.12682927
Haiti,HTI,North America,2013,26.09,62.605
Hungary,HUN,Europe,2013,9.0,75.56585366
Indonesia,IDN,Asia,2013,19.417,69.264
Isle of Man,IMN,Europe,2013,10.603,79.473
India,IND,Asia,2013,19.935,68.46
Ireland,IRL,Europe,2013,14.9,80.94878049
Iran,IRN,Asia,2013,19.445,74.449
Iraq,IRQ,Asia,2013,33.826,68.253
Iceland,ISL,Europe,2013,13.4,82.06097561
Israel,ISR,Asia,2013,21.3,82.05609756
Italy,ITA,Europe,2013,8.5,82.6902439
Jamaica,JAM,North America,2013,14.54,73.412
Jordan,JOR,Asia,2013,26.207,74.562
Japan,JPN,Asia,2013,8.2,83.33195122
Kazakhstan,KAZ,Asia,2013,22.73,70.62
Kenya,KEN,Africa,2013,32.127,61.389
Kyrgyzstan,KGZ,Asia,2013,27.2,70.20243902
Cambodia,KHM,Asia,2013,23.035,69.304
Kiribati,KIR,Oceania,2013,30.075,65.588
Saint Kitts and Nevis,KNA,North America,2013,13.975,71.457
South Korea,KOR,Asia,2013,8.6,81.27073171
Kuwait,KWT,Asia,2013,19.119,79.164
Laos,LAO,Asia,2013,25.245,65.718
Lebanon,LBN,Asia,2013,17.872,78.765
Liberia,LBR,Africa,2013,36.138,59.943
Libya,LBY,Africa,2013,21.886,72.34
Saint Lucia,LCA,North America,2013,12.444,72.735
Liechtenstein,LIE,Europe,2013,9.2,82.26097561
Sri Lanka,LKA,Asia,2013,17.005,74.239
Lithuania,LTU,Europe,2013,10.1,73.91463415
Luxembourg,LUX,Europe,2013,11.3,81.8
Latvia,LVA,Europe,2013,10.2,73.98292683
Macau,MAC,Asia,2013,11.553,83.727
Saint Martin,MAF,North America,2013,19.986,78.908
Morocco,MAR,Africa,2013,21.141,72.122
Monaco,MCO,Europe,2013,0.0,0.0
Moldova,MDA,Europe,2013,13.59,69.099
Madagascar,MDG,Africa,2013,33.699,63.962
Maldives,MDV,Asia,2013,18.895,79.057
Mexico,MEX,North America,2013,19.326,74.739
Marshall Islands,MHL,Oceania,2013,26.187,63.464
North Macedonia,MKD,Europe,2013,11.2,75.4
Mali,MLI,Africa,2013,45.271,57.357
Malta,MLT,Europe,2013,9.5,81.74634146
Myanmar,MMR,Asia,2013,18.573,64.815
Montenegro,MNE,Europe,2013,12.0,76.4902439
Mongolia,MNG,Asia,2013,26.333,68.585
Mozambique,MOZ,Africa,2013,40.548,56.492
Mauritania,MRT,Africa,2013,35.834,63.911
Mauritius,MUS,Africa,2013,10.9,74.01707317
Malawi,MWI,Africa,2013,37.85,59.729
Malaysia,MYS,Asia,2013,17.225,75.035
Namibia,NAM,Africa,2013,30.879,58.694
New Caledonia,NCL,Oceania,2013,16.6,77.17804878
Niger,NER,Africa,2013,47.123,60.239
Nigeria,NGA,Africa,2013,40.603,51.707
Nicaragua,NIC,North America,2013,23.385,72.704
Netherlands,NLD,Europe,2013,10.2,81.30487805
Norway,NOR,Europe,2013,11.6,81.75121951
Nepal,NPL,Asia,2013,22.247,67.965
Nauru,NRU,Oceania,2013,33.513,61.231
New Zealand,NZL,Oceania,2013,13.2,81.40487805
Oman,OMN,Asia,2013,21.561,77.246
Pakistan,PAK,Asia,2013,31.181,65.15
Panama,PAN,North America,2013,20.759,77.038
Peru,PER,South America,2013,19.71,74.967
Philippines,PHL,Asia,2013,24.286,70.835
Palau,PLW,Oceania,2013,13.0,0.0
Papua New Guinea,PNG,Oceania,2013,29.122,63.961
Poland,POL,Europe,2013,9.7,77.0
Puerto Rico,PRI,North America,2013,10.1,78.777
North Korea,PRK,Asia,2013,13.192,72.319
Portugal,PRT,Europe,2013,7.9,80.72195122
Paraguay,PRY,South America,2013,22.249,72.757
Palestine,PSE,Asia,2013,32.521,74.029
French Polynesia,PYF,Oceania,2013,15.576,82.017
Qatar,QAT,Asia,2013,11.237,79.536
Romania,ROU,Europe,2013,9.4,75.06341463
Russia,RUS,Europe,2013,13.2,70.57878049
Rwanda,RWA,Africa,2013,32.407,64.426
Saudi Arabia,SAU,Asia,2013,20.754,76.626
Sudan,SDN,Africa,2013,36.327,63.678
Senegal,SEN,Africa,2013,36.817,66.072
Singapore,SGP,Asia,2013,9.3,82.24634146
Solomon Islands,SLB,Oceania,2013,33.585,69.188
Sierra Leone,SLE,Africa,2013,36.473,56.313
El Salvador,SLV,North America,2013,18.969,71.771
San Marino,SMR,Europe,2013,9.7,0.0
Somalia,SOM,Africa,2013,46.995,53.843
Serbia,SRB,Europe,2013,9.2,75.18536585
S. Sudan,SSD,Africa,2013,39.27,55.751
Sao Tome and Principe,STP,Africa,2013,35.159,66.328
Suriname,SUR,South America,2013,19.547,69.682
Slovakia,SVK,Europe,2013,10.1,76.41219512
Slovenia,SVN,Europe,2013,10.2,80.32195122
Sweden,SWE,Europe,2013,11.8,81.95609756
eSwatini,SWZ,Africa,2013,29.019,51.486
Sint Maarten,SXM,North America,2013,14.0,74.917
Seychelles,SYC,Africa,2013,17.4,73.1195122
Syria,SYR,Asia,2013,25.2,63.827
Turks and Caicos Islands,TCA,North America,2013,13.042,77.018
Chad,TCD,Africa,2013,47.46,50.781
Togo,TGO,Africa,2013,35.308,58.684
Thailand,THA,Asia,2013,11.374,77.083
Tajikistan,TJK,Asia,2013,31.34,68.885
Turkmenistan,TKM,Asia,2013,26.627,68.74
Timor-Leste,TLS,Asia,2013,29.144,66.44
Tonga,TON,Oceania,2013,26.104,70.505
Trinidad and Tobago,TTO,North America,2013,14.282,73.962
Tunisia,TUN,Africa,2013,19.33,75.65
Turkey,TUR,Asia,2013,17.737,76.297
Tuvalu,TUV,Oceania,2013,22.296,64.008
Tanzania,TZA,Africa,2013,38.721,62.96
Uganda,UGA,Africa,2013,40.943,59.763
Ukraine,UKR,Europe,2013,11.1,71.1595122
Uruguay,URY,South America,2013,14.197,77.24
United States of America,USA,North America,2013,12.4,78.74146341
Uzbekistan,UZB,Asia,2013,22.5,69.99
Saint Vincent and the Grenadines,VCT,North America,2013,16.312,73.798
Venezuela,VEN,South America,2013,19.827,73.196
British Virgin Islands,VGB,North America,2013,8.667,75.574
United States Virgin Islands,VIR,North America,2013,13.1,78.71707317
Vietnam,VNM,Asia,2013,17.152,73.775
Vanuatu,VUT,Oceania,2013,33.087,69.534
Samoa,WSM,Oceania,2013,30.155,72.391
Yemen,YEM,Asia,2013,34.794,67.545
South Africa,ZAF,Africa,2013,22.177,62.533
Zambia,ZMB,Africa,2013,39.507,59.878
Zimbabwe,ZWE,Africa,2013,36.246,57.458
Aruba,ABW,North America,2014,13.533,75.601
Afghanistan,AFG,Asia,2014,39.105,62.545
Angola,AGO,Africa,2014,42.676,60.04
Albania,ALB,Europe,2014,12.15,78.407
Andorra,AND,Europe,2014,0.0,0.0
United Arab Emirates,ARE,Asia,2014,11.989,79.044
Argentina,ARG,South America,2014,17.504,76.755
Armenia,ARM,Asia,2014,15.842,74.058
American Samoa,ASM,Oceania,2014,17.5,0.0
Antigua and Barbuda,ATG,North America,2014,12.325,77.858
Australia,AUS,Oceania,2014,13.2,82.3
Austria,AUT,Europe,2014,9.6,81.4902439
Azerbaijan,AZE,Asia,2014,17.9,71.116
Burundi,BDI,Africa,2014,42.356,59.868
Belgium,BEL,Europe,2014,11.2,81.28780488
Benin,BEN,Africa,2014,39.192,59.125
Burkina Faso,BFA,Africa,2014,40.965,58.359
Bangladesh,BGD,Asia,2014,19.537,69.986
Bulgaria,BGR,Europe,2014,9.4,74.46585366
Bahrain,BHR,Asia,2014,15.953,79.328
Bahamas,BHS,North America,2014,13.57,73.366
Bosnia and Herz.,BIH,Europe,2014,8.768,75.659
Belarus,BLR,Europe,2014,12.5,72.97073171
Belize,BLZ,North America,2014,22.097,73.311
Bermuda,BMU,North America,2014,9.3,79.518
Bolivia,BOL,South America,2014,24.14,67.163
Brazil,BRA,South America,2014,14.753,74.306
Barbados,BRB,North America,2014,11.221,76.476
Brunei,BRN,Asia,2014,16.942,74.779
Bhutan,BTN,Asia,2014,17.743,70.049
Botswana,BWA,Africa,2014,26.771,62.608
Central African Rep.,CAF,Africa,2014,41.921,50.566
Canada,CAN,North America,2014,10.9,81.78439024
Switzerland,CHE,Europe,2014,10.4,83.19756098
Chile,CHL,South America,2014,13.545,79.473
China,CHN,Asia,2014,13.83,76.717
Ivory Coast,CIV,Africa,2014,36.6,57.208
Cameroon,CMR,Africa,2014,37.818,58.935
Dem. Rep. Congo,COD,Africa,2014,43.992,58.296
Congo,COG,Africa,2014,35.527,62.95
Colombia,COL,South America,2014,15.834,76.043
Comoros,COM,Africa,2014,32.594,62.516
Cape Verde,CPV,Africa,2014,19.539,75.24
Costa Rica,CRI,North America,2014,14.852,78.774
Cuba,CUB,North America,2014,10.86,77.853
Curacao,CUW,North America,2014,12.6,77.97560976
Cayman Islands,CYM,North America,2014,12.5,0.0
Cyprus,CYP,Europe,2014,11.163,80.771
Czech Republic,CZE,Europe,2014,10.4,78.82439024
Germany,DEU,Europe,2014,8.8,81.0902439
Djibouti,DJI,Africa,2014,24.207,61.641
Dominica,DMA,North America,2014,13.092,69.434
Denmark,DNK,Europe,2014,10.1,80.7
Dominican Rep.,DOM,North America,2014,20.867,72.867
Algeria,DZA,Africa,2014,25.404,75.11
Ecuador,ECU,South America,2014,19.339,76.622
Egypt,EGY,Africa,2014,28.416,70.415
Eritrea,ERI,Africa,2014,31.214,65.6
Spain,ESP,Europe,2014,9.2,83.22926829
Estonia,EST,Europe,2014,10.3,77.03414634
Ethiopia,ETH,Africa,2014,33.554,62.905
Finland,FIN,Europe,2014,10.5,81.1804878
Fiji,FJI,Oceania,2014,21.683,67.376
France,FRA,Europe,2014,12.4,82.7195122
Faroe Islands,FRO,Europe,2014,13.2,81.59268293
Micronesia,FSM,Oceania,2014,22.266,71.529
Gabon,GAB,Africa,2014,31.622,64.974
United Kingdom,GBR,Europe,2014,12.0,81.30487805
Georgia,GEO,Asia,2014,15.442,73.099
Ghana,GHA,Africa,2014,31.834,63.045
Gibraltar,GIB,Europe,2014,12.706,81.882
Guinea,GIN,Africa,2014,37.891,57.886
Gambia,GMB,Africa,2014,38.486,62.269
Guinea-Bissau,GNB,Africa,2014,36.472,58.61
Eq. Guinea,GNQ,Africa,2014,36.047,59.595
Greece,GRC,Europe,2014,8.5,81.38536585
Grenada,GRD,North America,2014,17.743,74.985
Greenland,GRL,North America,2014,14.3,71.98560976
Guatemala,GTM,North America,2014,26.077,71.964
Guam,GUM,Oceania,2014,19.615,76.749
Guyana,GUY,South America,2014,21.423,67.882
Hong Kong,HKG,Asia,2014,8.6,83.9804878
Honduras,HND,North America,2014,23.123,72.259
Croatia,HRV,Europe,2014,9.3,77.47804878
Haiti,HTI,North America,2014,25.771,62.987
Hungary,HUN,Europe,2014,9.5,75.76341463
Indonesia,IDN,Asia,2014,18.954,69.533
Isle of Man,IMN,Europe,2014,9.831,80.037
India,IND,Asia,2014,19.049,69.074
Ireland,IRL,Europe,2014,14.4,81.34878049
Iran,IRN,Asia,2014,19.824,74.782
Iraq,IRQ,Asia,2014,33.083,68.914
Iceland,ISL,Europe,2014,13.4,82.86097561
Israel,ISR,Asia,2014,21.5,82.15365854
Italy,ITA,Europe,2014,8.3,83.0902439
Jamaica,JAM,North America,2014,13.96,72.982
Jordan,JOR,Asia,2014,25.398,74.789
Japan,JPN,Asia,2014,8.0,83.58780488
Kazakhstan,KAZ,Asia,2014,23.1,71.44
Kenya,KEN,Africa,2014,31.298,61.816
Kyrgyzstan,KGZ,Asia,2014,27.7,70.40243902
Cambodia,KHM,Asia,2014,22.775,69.736
Kiribati,KIR,Oceania,2014,29.547,65.815
Saint Kitts and Nevis,KNA,North America,2014,13.8,70.966
South Korea,KOR,Asia,2014,8.6,81.72195122
Kuwait,KWT,Asia,2014,18.234,79.445
Laos,LAO,Asia,2014,24.698,66.361
Lebanon,LBN,Asia,2014,17.89,78.973
Liberia,LBR,Africa,2014,35.075,59.121
Libya,LBY,Africa,2014,21.908,71.511
Saint Lucia,LCA,North America,2014,12.393,72.864
Liechtenstein,LIE,Europe,2014,10.0,82.07317073
Sri Lanka,LKA,Asia,2014,16.396,74.651
Lithuania,LTU,Europe,2014,10.4,74.51707317
Luxembourg,LUX,Europe,2014,10.9,82.22926829
Latvia,LVA,Europe,2014,10.9,74.12439024
Macau,MAC,Asia,2014,11.883,83.883
Saint Martin,MAF,North America,2014,19.087,79.966
Morocco,MAR,Africa,2014,20.617,72.538
Monaco,MCO,Europe,2014,0.0,0.0
Moldova,MDA,Europe,2014,14.802,69.031
Madagascar,MDG,Africa,2014,33.079,64.255
Maldives,MDV,Asia,2014,18.044,79.424
Mexico,MEX,North America,2014,18.711,74.797
Marshall Islands,MHL,Oceania,2014,25.006,63.623
North Macedonia,MKD,Europe,2014,11.4,75.45121951
Mali,MLI,Africa,2014,44.794,57.9
Malta,MLT,Europe,2014,9.6,82.04634146
Myanmar,MMR,Asia,2014,18.404,65.056
Montenegro,MNE,Europe,2014,12.1,76.44146341
Mongolia,MNG,Asia,2014,26.677,69.047
Mozambique,MOZ,Africa,2014,39.254,57.274
Mauritania,MRT,Africa,2014,35.527,64.155
Mauritius,MUS,Africa,2014,10.6,74.19439024
Malawi,MWI,Africa,2014,36.791,60.899
Malaysia,MYS,Asia,2014,17.313,75.146
Namibia,NAM,Africa,2014,30.716,59.822
New Caledonia,NCL,Oceania,2014,16.3,77.23658537
Niger,NER,Africa,2014,46.752,60.786
Nigeria,NGA,Africa,2014,40.069,51.791
Nicaragua,NIC,North America,2014,23.103,72.812
Netherlands,NLD,Europe,2014,10.4,81.70731707
Norway,NOR,Europe,2014,11.5,82.1
Nepal,NPL,Asia,2014,22.22,68.085
Nauru,NRU,Oceania,2014,32.608,61.807
New Zealand,NZL,Oceania,2014,12.67,81.45682927
Oman,OMN,Asia,2014,21.342,77.446
Pakistan,PAK,Asia,2014,30.462,65.284
Panama,PAN,North America,2014,20.461,77.248
Peru,PER,South America,2014,19.248,75.333
Philippines,PHL,Asia,2014,23.827,71.151
Palau,PLW,Oceania,2014,13.7,0.0
Papua New Guinea,PNG,Oceania,2014,28.687,64.259
Poland,POL,Europe,2014,9.9,77.60243902
Puerto Rico,PRI,North America,2014,9.7,78.929
North Korea,PRK,Asia,2014,13.45,72.942
Portugal,PRT,Europe,2014,7.9,81.12195122
Paraguay,PRY,South America,2014,22.402,72.878
Palestine,PSE,Asia,2014,32.477,72.622
French Polynesia,PYF,Oceania,2014,15.58,82.214
Qatar,QAT,Asia,2014,10.845,79.768
Romania,ROU,Europe,2014,10.0,74.9097561
Russia,RUS,Europe,2014,13.3,70.74365854
Rwanda,RWA,Africa,2014,32.085,64.94
Saudi Arabia,SAU,Asia,2014,20.161,76.757
Sudan,SDN,Africa,2014,36.349,64.269
Senegal,SEN,Africa,2014,36.322,66.452
Singapore,SGP,Asia,2014,9.8,82.49512195
Solomon Islands,SLB,Oceania,2014,33.477,69.234
Sierra Leone,SLE,Africa,2014,35.533,56.393
El Salvador,SLV,North America,2014,18.809,71.746
San Marino,SMR,Europe,2014,9.1,0.0
Somalia,SOM,Africa,2014,46.747,54.277
Serbia,SRB,Europe,2014,9.3,75.33658537
S. Sudan,SSD,Africa,2014,38.48,54.973
Sao Tome and Principe,STP,Africa,2014,34.032,66.845
Suriname,SUR,South America,2014,19.334,69.782
Slovakia,SVK,Europe,2014,10.2,76.81219512
Slovenia,SVN,Europe,2014,10.3,81.07804878
Sweden,SWE,Europe,2014,11.9,82.25365854
eSwatini,SWZ,Africa,2014,28.423,53.05
Sint Maarten,SXM,North America,2014,14.1,76.773
Seychelles,SYC,Africa,2014,17.0,73.22926829
Syria,SYR,Asia,2014,22.39,63.153
Turks and Caicos Islands,TCA,North America,2014,12.808,77.135
Chad,TCD,Africa,2014,46.998,51.202
Togo,TGO,Africa,2014,34.827,58.853
Thailand,THA,Asia,2014,11.004,77.415
Tajikistan,TJK,Asia,2014,31.432,69.069
Turkmenistan,TKM,Asia,2014,26.502,68.614
Timor-Leste,TLS,Asia,2014,28.429,66.787
Tonga,TON,Oceania,2014,25.68,70.54
Trinidad and Tobago,TTO,North America,2014,13.958,74.215
Tunisia,TUN,Africa,2014,19.303,75.65
Turkey,TUR,Asia,2014,17.972,76.565
Tuvalu,TUV,Oceania,2014,22.265,64.025
Tanzania,TZA,Africa,2014,38.893,63.873
Uganda,UGA,Africa,2014,40.154,60.408
Ukraine,UKR,Europe,2014,10.8,71.18658537
Uruguay,URY,South America,2014,14.082,77.366
United States of America,USA,North America,2014,12.5,78.84146341
Uzbekistan,UZB,Asia,2014,23.3,70.234
Saint Vincent and the Grenadines,VCT,North America,2014,16.19,74.473
Venezuela,VEN,South America,2014,19.507,72.853
British Virgin Islands,VGB,North America,2014,9.643,75.612
United States Virgin Islands,VIR,North America,2014,13.2,78.86829268
Vietnam,VNM,Asia,2014,16.981,73.855
Vanuatu,VUT,Oceania,2014,32.855,69.465
Samoa,WSM,Oceania,2014,29.801,72.463
Yemen,YEM,Asia,2014,34.428,67.384
South Africa,ZAF,Africa,2014,22.057,63.38
Zambia,ZMB,Africa,2014,38.584,60.699
Zimbabwe,ZWE,Africa,2014,35.122,58.846
Aruba,ABW,North America,2015,12.428,75.683
Afghanistan,AFG,Asia,2015,38.803,62.659
Angola,AGO,Africa,2015,42.02,60.655
Albania,ALB,Europe,2015,11.718,78.644
Andorra,AND,Europe,2015,0.0,0.0
United Arab Emirates,ARE,Asia,2015,11.478,79.223
Argentina,ARG,South America,2015,17.346,76.76
Armenia,ARM,Asia,2015,14.641,74.436
American Samoa,ASM,Oceania,2015,0.0,0.0
Antigua and Barbuda,ATG,North America,2015,12.591,77.913
Australia,AUS,Oceania,2015,12.9,82.4
Austria,AUT,Europe,2015,9.8,81.1902439
Azerbaijan,AZE,Asia,2015,17.2,71.451
Burundi,BDI,Africa,2015,41.321,60.217
Belgium,BEL,Europe,2015,10.8,80.99268293
Benin,BEN,Africa,2015,39.022,59.377
Burkina Faso,BFA,Africa,2015,40.088,58.845
Bangladesh,BGD,Asia,2015,19.158,70.491
Bulgaria,BGR,Europe,2015,9.2,74.61463415
Bahrain,BHR,Asia,2015,15.791,79.405
Bahamas,BHS,North America,2015,12.812,73.104
Bosnia and Herz.,BIH,Europe,2015,8.842,76.182
Belarus,BLR,Europe,2015,12.5,73.62439024
Belize,BLZ,North America,2015,21.709,73.187
Bermuda,BMU,North America,2015,9.4,80.918
Bolivia,BOL,South America,2015,23.74,67.318
Brazil,BRA,South America,2015,14.727,74.332
Barbados,BRB,North America,2015,11.095,76.65
Brunei,BRN,Asia,2015,16.546,74.75
Bhutan,BTN,Asia,2015,17.152,70.343
Botswana,BWA,Africa,2015,26.409,63.818
Central African Rep.,CAF,Africa,2015,41.044,52.793
Canada,CAN,North America,2015,10.7,81.81560976
Switzerland,CHE,Europe,2015,10.5,82.89756098
Chile,CHL,South America,2015,13.211,79.746
China,CHN,Asia,2015,11.99,76.977
Ivory Coast,CIV,Africa,2015,36.282,57.762
Cameroon,CMR,Africa,2015,37.807,59.658
Dem. Rep. Congo,COD,Africa,2015,43.641,58.49
Congo,COG,Africa,2015,34.648,63.233
Colombia,COL,South America,2015,15.585,76.257
Comoros,COM,Africa,2015,32.147,62.896
Cape Verde,CPV,Africa,2015,19.181,74.62
Costa Rica,CRI,North America,2015,14.522,79.086
Cuba,CUB,North America,2015,10.972,77.772
Curacao,CUW,North America,2015,11.9,78.07560976
Cayman Islands,CYM,North America,2015,11.0,0.0
Cyprus,CYP,Europe,2015,11.208,80.966
Czech Republic,CZE,Europe,2015,10.5,78.57804878
Germany,DEU,Europe,2015,9.0,80.64146341
Djibouti,DJI,Africa,2015,23.889,61.957
Dominica,DMA,North America,2015,13.447,68.727
Denmark,DNK,Europe,2015,10.2,80.70243902
Dominican Rep.,DOM,North America,2015,20.596,72.953
Algeria,DZA,Africa,2015,25.405,75.622
Ecuador,ECU,South America,2015,18.74,76.789
Egypt,EGY,Africa,2015,28.078,70.483
Eritrea,ERI,Africa,2015,30.417,66.033
Spain,ESP,Europe,2015,9.0,82.83170732
Estonia,EST,Europe,2015,10.6,77.5902439
Ethiopia,ETH,Africa,2015,33.428,63.649
Finland,FIN,Europe,2015,10.1,81.4804878
Fiji,FJI,Oceania,2015,21.45,66.844
France,FRA,Europe,2015,12.0,82.32195122
Faroe Islands,FRO,Europe,2015,12.4,81.79268293
Micronesia,FSM,Oceania,2015,21.855,71.408
Gabon,GAB,Africa,2015,31.036,65.46
United Kingdom,GBR,Europe,2015,11.9,80.95609756
Georgia,GEO,Asia,2015,15.79,73.297
Ghana,GHA,Africa,2015,31.713,63.175
Gibraltar,GIB,Europe,2015,13.604,80.427
Guinea,GIN,Africa,2015,37.891,58.134
Gambia,GMB,Africa,2015,37.576,62.494
Guinea-Bissau,GNB,Africa,2015,35.519,59.128
Eq. Guinea,GNQ,Africa,2015,35.229,60.103
Greece,GRC,Europe,2015,8.5,81.03658537
Grenada,GRD,North America,2015,17.605,75.013
Greenland,GRL,North America,2015,15.2,71.97731707
Guatemala,GTM,North America,2015,25.834,72.103
Guam,GUM,Oceania,2015,19.15,76.616
Guyana,GUY,South America,2015,21.31,68.201
Hong Kong,HKG,Asia,2015,8.2,84.27804878
Honduras,HND,North America,2015,22.751,72.487
Croatia,HRV,Europe,2015,8.9,77.27560976
Haiti,HTI,North America,2015,25.51,63.237
Hungary,HUN,Europe,2015,9.4,75.56829268
Indonesia,IDN,Asia,2015,18.448,69.699
Isle of Man,IMN,Europe,2015,9.586,78.905
India,IND,Asia,2015,18.765,69.636
Ireland,IRL,Europe,2015,13.9,81.45365854
Iran,IRN,Asia,2015,19.428,75.124
Iraq,IRQ,Asia,2015,31.593,69.44
Iceland,ISL,Europe,2015,12.5,82.46829268
Israel,ISR,Asia,2015,21.3,82.05121951
Italy,ITA,Europe,2015,8.0,82.54390244
Jamaica,JAM,North America,2015,14.123,72.394
Jordan,JOR,Asia,2015,24.441,75.011
Japan,JPN,Asia,2015,8.0,83.79390244
Kazakhstan,KAZ,Asia,2015,22.71,71.97
Kenya,KEN,Africa,2015,30.957,61.892
Kyrgyzstan,KGZ,Asia,2015,27.4,70.65121951
Cambodia,KHM,Asia,2015,22.343,69.873
Kiribati,KIR,Oceania,2015,29.188,66.059
Saint Kitts and Nevis,KNA,North America,2015,13.583,70.763
South Korea,KOR,Asia,2015,8.6,82.02439024
Kuwait,KWT,Asia,2015,16.892,79.562
Laos,LAO,Asia,2015,24.445,66.67
Lebanon,LBN,Asia,2015,17.764,79.229
Liberia,LBR,Africa,2015,34.215,59.148
Libya,LBY,Africa,2015,21.214,71.698
Saint Lucia,LCA,North America,2015,12.321,73.138
Liechtenstein,LIE,Europe,2015,8.7,82.65609756
Sri Lanka,LKA,Asia,2015,15.886,74.927
Lithuania,LTU,Europe,2015,10.8,74.32195122
Luxembourg,LUX,Europe,2015,10.7,82.29268293
Latvia,LVA,Europe,2015,11.1,74.4804878
Macau,MAC,Asia,2015,11.634,83.984
Saint Martin,MAF,North America,2015,18.462,79.309
Morocco,MAR,Africa,2015,20.307,72.92
Monaco,MCO,Europe,2015,8.1,0.0
Moldova,MDA,Europe,2015,14.899,69.24
Madagascar,MDG,Africa,2015,32.765,64.339
Maldives,MDV,Asia,2015,17.465,79.695
Mexico,MEX,North America,2015,17.968,74.682
Marshall Islands,MHL,Oceania,2015,23.947,63.827
North Macedonia,MKD,Europe,2015,11.1,75.40243902
Mali,MLI,Africa,2015,44.342,58.363
Malta,MLT,Europe,2015,9.7,81.89756098
Myanmar,MMR,Asia,2015,18.402,65.561
Montenegro,MNE,Europe,2015,11.9,76.44878049
Mongolia,MNG,Asia,2015,26.352,69.498
Mozambique,MOZ,Africa,2015,38.797,58.151
Mauritania,MRT,Africa,2015,35.18,64.485
Mauritius,MUS,Africa,2015,10.1,74.35317073
Malawi,MWI,Africa,2015,35.767,61.378
Malaysia,MYS,Asia,2015,17.101,75.094
Namibia,NAM,Africa,2015,30.394,60.7
New Caledonia,NCL,Oceania,2015,15.6,77.2804878
Niger,NER,Africa,2015,46.558,61.083
Nigeria,NGA,Africa,2015,39.51,51.841
Nicaragua,NIC,North America,2015,22.797,72.983
Netherlands,NLD,Europe,2015,10.1,81.5097561
Norway,NOR,Europe,2015,11.3,82.30487805
Nepal,NPL,Asia,2015,22.05,67.456
Nauru,NRU,Oceania,2015,31.856,62.269
New Zealand,NZL,Oceania,2015,13.23,81.61243902
Oman,OMN,Asia,2015,21.316,77.687
Pakistan,PAK,Asia,2015,29.699,65.697
Panama,PAN,North America,2015,20.111,77.468
Peru,PER,South America,2015,18.808,75.621
Philippines,PHL,Asia,2015,23.252,71.268
Palau,PLW,Oceania,2015,13.7,0.0
Papua New Guinea,PNG,Oceania,2015,28.178,64.701
Poland,POL,Europe,2015,9.7,77.45121951
Puerto Rico,PRI,North America,2015,9.0,79.695
North Korea,PRK,Asia,2015,13.536,72.784
Portugal,PRT,Europe,2015,8.3,81.12439024
Paraguay,PRY,South America,2015,22.428,73.191
Palestine,PSE,Asia,2015,32.726,74.406
French Polynesia,PYF,Oceania,2015,15.037,82.354
Qatar,QAT,Asia,2015,10.328,80.064
Romania,ROU,Europe,2015,10.2,74.91219512
Russia,RUS,Europe,2015,13.3,71.18341463
Rwanda,RWA,Africa,2015,31.833,65.298
Saudi Arabia,SAU,Asia,2015,19.524,76.918
Sudan,SDN,Africa,2015,36.413,64.659
Senegal,SEN,Africa,2015,35.357,66.879
Singapore,SGP,Asia,2015,9.7,82.74390244
Solomon Islands,SLB,Oceania,2015,32.928,69.583
Sierra Leone,SLE,Africa,2015,34.558,57.189
El Salvador,SLV,North America,2015,18.406,71.814
San Marino,SMR,Europe,2015,8.2,0.0
Somalia,SOM,Africa,2015,46.474,54.857
Serbia,SRB,Europe,2015,9.3,75.28780488
S. Sudan,SSD,Africa,2015,36.325,55.566
Sao Tome and Principe,STP,Africa,2015,32.754,67.249
Suriname,SUR,South America,2015,19.127,70.8
Slovakia,SVK,Europe,2015,10.3,76.56341463
Slovenia,SVN,Europe,2015,10.0,80.77560976
Sweden,SWE,Europe,2015,11.7,82.20487805
eSwatini,SWZ,Africa,2015,27.737,55.019
Sint Maarten,SXM,North America,2015,12.9,76.954
Seychelles,SYC,Africa,2015,17.0,74.29512195
Syria,SYR,Asia,2015,20.233,65.124
Turks and Caicos Islands,TCA,North America,2015,12.816,76.912
Chad,TCD,Africa,2015,46.367,51.589
Togo,TGO,Africa,2015,34.392,59.396
Thailand,THA,Asia,2015,10.607,77.717
Tajikistan,TJK,Asia,2015,31.228,69.306
Turkmenistan,TKM,Asia,2015,26.071,68.782
Timor-Leste,TLS,Asia,2015,27.7,67.137
Tonga,TON,Oceania,2015,25.171,70.607
Trinidad and Tobago,TTO,North America,2015,13.604,74.503
Tunisia,TUN,Africa,2015,19.119,75.692
Turkey,TUR,Asia,2015,17.939,76.646
Tuvalu,TUV,Oceania,2015,22.359,64.06
Tanzania,TZA,Africa,2015,38.741,64.651
Uganda,UGA,Africa,2015,39.422,61.086
Ukraine,UKR,Europe,2015,10.7,71.1895122
Uruguay,URY,South America,2015,14.216,77.483
United States of America,USA,North America,2015,12.4,78.6902439
Uzbekistan,UZB,Asia,2015,23.5,70.475
Saint Vincent and the Grenadines,VCT,North America,2015,15.891,74.407
Venezuela,VEN,South America,2015,19.201,73.006
British Virgin Islands,VGB,North America,2015,9.189,75.675
United States Virgin Islands,VIR,North America,2015,13.2,79.01707317
Vietnam,VNM,Asia,2015,16.787,73.876
Vanuatu,VUT,Oceania,2015,32.42,69.513
Samoa,WSM,Oceania,2015,29.4,72.515
Yemen,YEM,Asia,2015,33.933,65.873
South Africa,ZAF,Africa,2015,21.3,63.95
Zambia,ZMB,Africa,2015,37.832,61.208
Zimbabwe,ZWE,Africa,2015,33.96,59.591
Aruba,ABW,North America,2016,12.3,75.617
Afghanistan,AFG,Asia,2016,37.936,63.136
Angola,AGO,Africa,2016,41.377,61.092
Albania,ALB,Europe,2016,11.289,78.86
Andorra,AND,Europe,2016,8.8,0.0
United Arab Emirates,ARE,Asia,2016,10.993,79.335
Argentina,ARG,South America,2016,16.824,76.308
Armenia,ARM,Asia,2016,14.504,74.664
American Samoa,ASM,Oceania,2016,0.0,0.0
Antigua and Barbuda,ATG,North America,2016,11.659,78.152
Australia,AUS,Oceania,2016,12.9,82.44878049
Austria,AUT,Europe,2016,10.0,81.64146341
Azerbaijan,AZE,Asia,2016,16.3,72.004
Burundi,BDI,Africa,2016,39.479,60.793
Belgium,BEL,Europe,2016,10.8,81.43902439
Benin,BEN,Africa,2016,38.934,59.539
Burkina Faso,BFA,Africa,2016,38.977,59.326
Bangladesh,BGD,Asia,2016,19.002,71.09
Bulgaria,BGR,Europe,2016,9.1,74.81219512
Bahrain,BHR,Asia,2016,15.181,79.557
Bahamas,BHS,North America,2016,12.188,73.537
Bosnia and Herz.,BIH,Europe,2016,8.953,76.808
Belarus,BLR,Europe,2016,12.4,73.82682927
Belize,BLZ,North America,2016,21.36,73.399
Bermuda,BMU,North America,2016,9.3,80.608
Bolivia,BOL,South America,2016,23.355,67.628
Brazil,BRA,South America,2016,14.051,74.442
Barbados,BRB,North America,2016,11.009,76.815
Brunei,BRN,Asia,2016,16.054,74.733
Bhutan,BTN,Asia,2016,16.076,70.602
Botswana,BWA,Africa,2016,26.13,65.464
Central African Rep.,CAF,Africa,2016,41.209,53.46
Canada,CAN,North America,2016,10.6,81.92487805
Switzerland,CHE,Europe,2016,10.5,83.60243902
Chile,CHL,South America,2016,12.7,80.079
China,CHN,Asia,2016,13.57,77.218
Ivory Coast,CIV,Africa,2016,35.959,58.06
Cameroon,CMR,Africa,2016,37.747,60.233
Dem. Rep. Congo,COD,Africa,2016,43.411,59.066
Congo,COG,Africa,2016,33.706,63.577
Colombia,COL,South America,2016,15.353,76.471
Comoros,COM,Africa,2016,31.756,63.237
Cape Verde,CPV,Africa,2016,19.289,75.742
Costa Rica,CRI,North America,2016,14.145,79.459
Cuba,CUB,North America,2016,10.351,77.643
Curacao,CUW,North America,2016,11.2,77.7195122
Cayman Islands,CYM,North America,2016,10.8,0.0
Cyprus,CYP,Europe,2016,11.419,81.056
Czech Republic,CZE,Europe,2016,10.7,79.02682927
Germany,DEU,Europe,2016,9.6,80.9902439
Djibouti,DJI,Africa,2016,23.516,62.191
Dominica,DMA,North America,2016,13.167,70.128
Denmark,DNK,Europe,2016,10.8,80.85365854
Dominican Rep.,DOM,North America,2016,20.258,72.987
Algeria,DZA,Africa,2016,25.166,75.732
Ecuador,ECU,South America,2016,18.224,76.763
Egypt,EGY,Africa,2016,25.913,70.844
Eritrea,ERI,Africa,2016,29.91,66.289
Spain,ESP,Europe,2016,8.8,83.32926829
Estonia,EST,Europe,2016,10.7,77.64146341
Ethiopia,ETH,Africa,2016,33.315,64.392
Finland,FIN,Europe,2016,9.6,81.42926829
Fiji,FJI,Oceania,2016,21.05,67.24
France,FRA,Europe,2016,11.8,82.57317073
Faroe Islands,FRO,Europe,2016,13.6,82.04390244
Micronesia,FSM,Oceania,2016,21.714,71.595
Gabon,GAB,Africa,2016,30.362,65.802
United Kingdom,GBR,Europe,2016,11.8,81.15609756
Georgia,GEO,Asia,2016,15.471,73.569
Ghana,GHA,Africa,2016,30.527,63.89
Gibraltar,GIB,Europe,2016,11.916,81.702
Guinea,GIN,Africa,2016,37.396,58.763
Gambia,GMB,Africa,2016,36.59,63.013
Guinea-Bissau,GNB,Africa,2016,34.502,59.674
Eq. Guinea,GNQ,Africa,2016,34.392,60.479
Greece,GRC,Europe,2016,8.6,81.38780488
Grenada,GRD,North America,2016,17.419,74.762
Greenland,GRL,North America,2016,14.8,71.82512195
Guatemala,GTM,North America,2016,25.541,72.355
Guam,GUM,Oceania,2016,19.123,76.877
Guyana,GUY,South America,2016,21.139,68.384
Hong Kong,HKG,Asia,2016,8.3,84.22682927
Honduras,HND,North America,2016,22.44,72.588
Croatia,HRV,Europe,2016,9.0,78.02195122
Haiti,HTI,North America,2016,25.254,63.392
Hungary,HUN,Europe,2016,9.7,76.06341463
Indonesia,IDN,Asia,2016,18.017,69.798
Isle of Man,IMN,Europe,2016,9.359,80.314
India,IND,Asia,2016,18.514,70.117
Ireland,IRL,Europe,2016,13.4,81.65365854
Iran,IRN,Asia,2016,19.017,75.6
Iraq,IRQ,Asia,2016,30.17,68.988
Iceland,ISL,Europe,2016,12.0,82.20487805
Israel,ISR,Asia,2016,21.2,82.40731707
Italy,ITA,Europe,2016,7.8,83.24390244
Jamaica,JAM,North America,2016,13.47,72.02
Jordan,JOR,Asia,2016,23.708,75.215
Japan,JPN,Asia,2016,7.8,83.98487805
Kazakhstan,KAZ,Asia,2016,22.52,72.41
Kenya,KEN,Africa,2016,30.401,62.163
Kyrgyzstan,KGZ,Asia,2016,26.0,70.95121951
Cambodia,KHM,Asia,2016,21.864,70.224
Kiribati,KIR,Oceania,2016,28.86,66.332
Saint Kitts and Nevis,KNA,North America,2016,13.456,71.74
South Korea,KOR,Asia,2016,7.9,82.27560976
Kuwait,KWT,Asia,2016,14.8,79.701
Laos,LAO,Asia,2016,24.131,67.167
Lebanon,LBN,Asia,2016,17.395,79.505
Liberia,LBR,Africa,2016,33.713,60.416
Libya,LBY,Africa,2016,20.576,71.756
Saint Lucia,LCA,North America,2016,12.229,73.112
Liechtenstein,LIE,Europe,2016,10.0,82.25853659
Sri Lanka,LKA,Asia,2016,15.496,75.331
Lithuania,LTU,Europe,2016,10.7,74.67073171
Luxembourg,LUX,Europe,2016,10.4,82.68536585
Latvia,LVA,Europe,2016,11.2,74.5804878
Macau,MAC,Asia,2016,11.423,84.231
Saint Martin,MAF,North America,2016,17.927,79.475
Morocco,MAR,Africa,2016,19.483,73.284
Monaco,MCO,Europe,2016,7.8,0.0
Moldova,MDA,Europe,2016,14.761,69.917
Madagascar,MDG,Africa,2016,32.759,64.997
Maldives,MDV,Asia,2016,16.794,79.872
Mexico,MEX,North America,2016,17.42,74.412
Marshall Islands,MHL,Oceania,2016,23.016,64.057
North Macedonia,MKD,Europe,2016,11.09872665,75.4
Mali,MLI,Africa,2016,43.818,58.731
Malta,MLT,Europe,2016,9.8,82.45365854
Myanmar,MMR,Asia,2016,18.33,65.685
Montenegro,MNE,Europe,2016,12.2,76.44146341
Mongolia,MNG,Asia,2016,25.365,69.865
Mozambique,MOZ,Africa,2016,38.437,59.038
Mauritania,MRT,Africa,2016,34.832,64.768
Mauritius,MUS,Africa,2016,10.4,74.39487805
Malawi,MWI,Africa,2016,34.824,62.209
Malaysia,MYS,Asia,2016,16.685,75.289
Namibia,NAM,Africa,2016,30.051,61.682
New Caledonia,NCL,Oceania,2016,15.8,76.93170732
Niger,NER,Africa,2016,46.52,61.629
Nigeria,NGA,Africa,2016,39.128,52.043
Nicaragua,NIC,North America,2016,22.459,73.256
Netherlands,NLD,Europe,2016,10.1,81.56097561
Norway,NOR,Europe,2016,11.3,82.40731707
Nepal,NPL,Asia,2016,21.764,68.776
Nauru,NRU,Oceania,2016,31.159,62.702
New Zealand,NZL,Oceania,2016,12.6,81.65853659
Oman,OMN,Asia,2016,20.803,77.916
Pakistan,PAK,Asia,2016,29.306,65.88
Panama,PAN,North America,2016,19.701,77.653
Peru,PER,South America,2016,18.5,75.789
Philippines,PHL,Asia,2016,22.836,71.387
Palau,PLW,Oceania,2016,12.0,0.0
Papua New Guinea,PNG,Oceania,2016,27.703,64.84
Poland,POL,Europe,2016,10.1,77.85121951
Puerto Rico,PRI,North America,2016,8.3,80.27
North Korea,PRK,Asia,2016,13.525,72.805
Portugal,PRT,Europe,2016,8.4,81.12439024
Paraguay,PRY,South America,2016,22.263,73.534
Palestine,PSE,Asia,2016,31.921,74.554
French Polynesia,PYF,Oceania,2016,14.508,82.488
Qatar,QAT,Asia,2016,10.087,80.433
Romania,ROU,Europe,2016,10.4,75.2097561
Russia,RUS,Europe,2016,12.9,71.65121951
Rwanda,RWA,Africa,2016,31.659,65.737
Saudi Arabia,SAU,Asia,2016,18.972,77.064
Sudan,SDN,Africa,2016,36.038,64.78
Senegal,SEN,Africa,2016,34.673,67.497
Singapore,SGP,Asia,2016,9.4,82.84634146
Solomon Islands,SLB,Oceania,2016,32.379,69.801
Sierra Leone,SLE,Africa,2016,34.011,58.404
El Salvador,SLV,North America,2016,17.566,72.025
San Marino,SMR,Europe,2016,7.9,0.0
Somalia,SOM,Africa,2016,46.156,55.044
Serbia,SRB,Europe,2016,9.2,75.68780488
S. Sudan,SSD,Africa,2016,35.15,55.544
Sao Tome and Principe,STP,Africa,2016,31.602,67.492
Suriname,SUR,South America,2016,18.912,71.592
Slovakia,SVK,Europe,2016,10.6,77.16585366
Slovenia,SVN,Europe,2016,9.9,81.17560976
Sweden,SWE,Europe,2016,11.8,82.30731707
eSwatini,SWZ,Africa,2016,27.105,56.659
Sint Maarten,SXM,North America,2016,11.5,76.598
Seychelles,SYC,Africa,2016,17.4,74.3097561
Syria,SYR,Asia,2016,18.874,65.993
Turks and Caicos Islands,TCA,North America,2016,13.216,76.864
Chad,TCD,Africa,2016,45.456,52.083
Togo,TGO,Africa,2016,34.099,59.55
Thailand,THA,Asia,2016,10.26,78.049
Tajikistan,TJK,Asia,2016,30.213,69.549
Turkmenistan,TKM,Asia,2016,25.424,68.777
Timor-Leste,TLS,Asia,2016,27.018,67.446
Tonga,TON,Oceania,2016,24.543,70.661
Trinidad and Tobago,TTO,North America,2016,13.292,74.281
Tunisia,TUN,Africa,2016,18.78,75.786
Turkey,TUR,Asia,2016,17.739,76.66
Tuvalu,TUV,Oceania,2016,22.659,64.108
Tanzania,TZA,Africa,2016,38.379,65.386
Uganda,UGA,Africa,2016,38.709,61.648
Ukraine,UKR,Europe,2016,10.3,71.47634146
Uruguay,URY,South America,2016,13.64,77.571
United States of America,USA,North America,2016,12.2,78.53902439
Uzbekistan,UZB,Asia,2016,22.8,70.755
Saint Vincent and the Grenadines,VCT,North America,2016,15.161,74.28
Venezuela,VEN,South America,2016,18.898,72.058
British Virgin Islands,VGB,North America,2016,7.724,75.724
United States Virgin Islands,VIR,North America,2016,13.0,79.16829268
Vietnam,VNM,Asia,2016,16.438,73.938
Vanuatu,VUT,Oceania,2016,32.029,69.65
Samoa,WSM,Oceania,2016,28.949,72.54
Yemen,YEM,Asia,2016,33.348,66.064
South Africa,ZAF,Africa,2016,20.25,64.747
Zambia,ZMB,Africa,2016,37.242,61.794
Zimbabwe,ZWE,Africa,2016,33.171,60.306
Aruba,ABW,North America,2017,11.53,75.903
Afghanistan,AFG,Asia,2017,37.342,63.016
Angola,AGO,Africa,2017,40.81,61.68
Albania,ALB,Europe,2017,10.87,79.047
Andorra,AND,Europe,2017,0.0,0.0
United Arab Emirates,ARE,Asia,2017,10.62,79.504
Argentina,ARG,South America,2017,16.206,76.833
Armenia,ARM,Asia,2017,13.606,74.906
American Samoa,ASM,Oceania,2017,16.6,0.0
Antigua and Barbuda,ATG,North America,2017,11.789,78.268
Australia,AUS,Oceania,2017,12.6,82.5
Austria,AUT,Europe,2017,10.0,81.64390244
Azerbaijan,AZE,Asia,2017,14.6,72.248
Burundi,BDI,Africa,2017,38.124,61.553
Belgium,BEL,Europe,2017,10.5,81.49268293
Benin,BEN,Africa,2017,38.678,59.856
Burkina Faso,BFA,Africa,2017,37.898,59.536
Bangladesh,BGD,Asia,2017,18.495,71.788
Bulgaria,BGR,Europe,2017,9.0,74.81463415
Bahrain,BHR,Asia,2017,14.506,79.689
Bahamas,BHS,North America,2017,11.653,73.632
Bosnia and Herz.,BIH,Europe,2017,9.02,76.935
Belarus,BLR,Europe,2017,10.8,74.12926829
Belize,BLZ,North America,2017,21.129,73.562
Bermuda,BMU,North America,2017,9.0,82.351
Bolivia,BOL,South America,2017,22.986,67.701
Brazil,BRA,South America,2017,14.159,74.827
Barbados,BRB,North America,2017,10.952,76.936
Brunei,BRN,Asia,2017,15.544,74.722
Bhutan,BTN,Asia,2017,14.912,70.847
Botswana,BWA,Africa,2017,25.672,66.753
Central African Rep.,CAF,Africa,2017,41.602,53.721
Canada,CAN,North America,2017,10.3,81.83292683
Switzerland,CHE,Europe,2017,10.3,83.55121951
Chile,CHL,South America,2017,12.13,80.35
China,CHN,Asia,2017,12.64,77.248
Ivory Coast,CIV,Africa,2017,35.863,58.48
Cameroon,CMR,Africa,2017,37.403,60.81
Dem. Rep. Congo,COD,Africa,2017,43.251,59.411
Congo,COG,Africa,2017,33.025,63.76
Colombia,COL,South America,2017,15.081,76.646
Comoros,COM,Africa,2017,31.33,63.625
Cape Verde,CPV,Africa,2017,19.006,76.593
Costa Rica,CRI,North America,2017,13.926,79.377
Cuba,CUB,North America,2017,10.182,77.529
Curacao,CUW,North America,2017,9.7,78.01707317
Cayman Islands,CYM,North America,2017,9.9,0.0
Cyprus,CYP,Europe,2017,10.994,81.328
Czech Republic,CZE,Europe,2017,10.8,78.97804878
Germany,DEU,Europe,2017,9.5,80.99268293
Djibouti,DJI,Africa,2017,23.276,62.797
Dominica,DMA,North America,2017,13.13,67.525
Denmark,DNK,Europe,2017,10.6,81.10243902
Dominican Rep.,DOM,North America,2017,19.993,73.063
Algeria,DZA,Africa,2017,24.755,75.743
Ecuador,ECU,South America,2017,17.996,76.972
Egypt,EGY,Africa,2017,25.231,71.302
Eritrea,ERI,Africa,2017,29.421,66.577
Spain,ESP,Europe,2017,8.4,83.28292683
Estonia,EST,Europe,2017,10.5,78.09268293
Ethiopia,ETH,Africa,2017,33.059,64.838
Finland,FIN,Europe,2017,9.1,81.63170732
Fiji,FJI,Oceania,2017,20.55,67.79
France,FRA,Europe,2017,11.5,82.57560976
Faroe Islands,FRO,Europe,2017,13.1,82.34390244
Micronesia,FSM,Oceania,2017,21.451,71.467
Gabon,GAB,Africa,2017,29.713,66.189
United Kingdom,GBR,Europe,2017,11.4,81.25609756
Georgia,GEO,Asia,2017,14.856,73.57
Ghana,GHA,Africa,2017,28.978,64.013
Gibraltar,GIB,Europe,2017,11.482,81.83
Guinea,GIN,Africa,2017,36.625,59.109
Gambia,GMB,Africa,2017,35.743,62.995
Guinea-Bissau,GNB,Africa,2017,33.285,60.066
Eq. Guinea,GNQ,Africa,2017,33.507,60.821
Greece,GRC,Europe,2017,8.2,81.28780488
Grenada,GRD,North America,2017,17.191,74.765
Greenland,GRL,North America,2017,15.2,71.64121951
Guatemala,GTM,North America,2017,24.791,72.551
Guam,GUM,Oceania,2017,17.997,77.155
Guyana,GUY,South America,2017,20.958,68.667
Hong Kong,HKG,Asia,2017,7.6,84.6804878
Honduras,HND,North America,2017,22.16,72.692
Croatia,HRV,Europe,2017,8.9,77.82682927
Haiti,HTI,North America,2017,24.98,63.854
Hungary,HUN,Europe,2017,9.7,75.81707317
Indonesia,IDN,Asia,2017,17.519,69.936
Isle of Man,IMN,Europe,2017,9.25,80.457
India,IND,Asia,2017,17.911,70.467
Ireland,IRL,Europe,2017,12.9,82.15609756
Iran,IRN,Asia,2017,18.608,75.971
Iraq,IRQ,Asia,2017,28.923,70.413
Iceland,ISL,Europe,2017,11.9,82.66097561
Israel,ISR,Asia,2017,21.1,82.55121951
Italy,ITA,Europe,2017,7.6,82.94634146
Jamaica,JAM,North America,2017,12.748,71.911
Jordan,JOR,Asia,2017,23.377,75.502
Japan,JPN,Asia,2017,7.6,84.0997561
Kazakhstan,KAZ,Asia,2017,21.64,72.95
Kenya,KEN,Africa,2017,29.755,62.481
Kyrgyzstan,KGZ,Asia,2017,24.8,71.2
Cambodia,KHM,Asia,2017,21.348,70.515
Kiribati,KIR,Oceania,2017,28.616,66.597
Saint Kitts and Nevis,KNA,North America,2017,13.211,71.84
South Korea,KOR,Asia,2017,7.0,82.62682927
Kuwait,KWT,Asia,2017,14.386,79.781
Laos,LAO,Asia,2017,23.715,67.434
Lebanon,LBN,Asia,2017,16.904,79.654
Liberia,LBR,Africa,2017,33.151,60.553
Libya,LBY,Africa,2017,19.898,72.482
Saint Lucia,LCA,North America,2017,12.114,73.127
Liechtenstein,LIE,Europe,2017,8.9,83.74634146
Sri Lanka,LKA,Asia,2017,15.17,75.403
Lithuania,LTU,Europe,2017,10.1,75.4804878
Luxembourg,LUX,Europe,2017,10.4,82.09512195
Latvia,LVA,Europe,2017,10.7,74.62926829
Macau,MAC,Asia,2017,10.877,84.563
Saint Martin,MAF,North America,2017,17.423,78.59
Morocco,MAR,Africa,2017,19.298,73.66
Monaco,MCO,Europe,2017,0.0,0.0
Moldova,MDA,Europe,2017,13.805,70.516
Madagascar,MDG,Africa,2017,32.477,65.094
Maldives,MDV,Asia,2017,16.126,79.943
Mexico,MEX,North America,2017,16.947,74.138
Marshall Islands,MHL,Oceania,2017,22.268,64.27
North Macedonia,MKD,Europe,2017,10.5,75.95365854
Mali,MLI,Africa,2017,43.378,59.132
Malta,MLT,Europe,2017,9.2,82.34634146
Myanmar,MMR,Asia,2017,18.129,65.843
Montenegro,MNE,Europe,2017,11.9,76.48536585
Mongolia,MNG,Asia,2017,24.222,70.237
Mozambique,MOZ,Africa,2017,38.127,59.771
Mauritania,MRT,Africa,2017,34.425,65.083
Mauritius,MUS,Africa,2017,10.7,74.51463415
Malawi,MWI,Africa,2017,34.343,62.977
Malaysia,MYS,Asia,2017,16.355,75.476
Namibia,NAM,Africa,2017,29.503,62.293
New Caledonia,NCL,Oceania,2017,15.0,77.53902439
Niger,NER,Africa,2017,46.351,62.16
Nigeria,NGA,Africa,2017,38.689,52.305
Nicaragua,NIC,North America,2017,22.09,73.554
Netherlands,NLD,Europe,2017,9.9,81.76097561
Norway,NOR,Europe,2017,10.7,82.6097561
Nepal,NPL,Asia,2017,21.376,68.91
Nauru,NRU,Oceania,2017,30.375,62.988
New Zealand,NZL,Oceania,2017,12.38,81.85853659
Oman,OMN,Asia,2017,20.282,77.924
Pakistan,PAK,Asia,2017,28.963,66.297
Panama,PAN,North America,2017,19.317,77.795
Peru,PER,South America,2017,18.269,75.879
Philippines,PHL,Asia,2017,22.664,71.516
Palau,PLW,Oceania,2017,12.4,0.0
Papua New Guinea,PNG,Oceania,2017,27.216,65.103
Poland,POL,Europe,2017,10.6,77.75365854
Puerto Rico,PRI,North America,2017,7.3,79.258
North Korea,PRK,Asia,2017,13.514,72.978
Portugal,PRT,Europe,2017,8.4,81.42439024
Paraguay,PRY,South America,2017,21.962,73.644
Palestine,PSE,Asia,2017,30.973,74.833
French Polynesia,PYF,Oceania,2017,14.015,82.618
Qatar,QAT,Asia,2017,10.228,80.717
Romania,ROU,Europe,2017,10.8,75.3097561
Russia,RUS,Europe,2017,11.5,72.45146341
Rwanda,RWA,Africa,2017,31.399,65.941
Saudi Arabia,SAU,Asia,2017,18.903,77.16
Sudan,SDN,Africa,2017,35.669,65.445
Senegal,SEN,Africa,2017,34.224,67.75
Singapore,SGP,Asia,2017,8.9,83.09512195
Solomon Islands,SLB,Oceania,2017,31.743,69.988
Sierra Leone,SLE,Africa,2017,33.568,58.652
El Salvador,SLV,North America,2017,16.974,72.311
San Marino,SMR,Europe,2017,6.7,0.0
Somalia,SOM,Africa,2017,45.457,55.654
Serbia,SRB,Europe,2017,9.2,75.53902439
S. Sudan,SSD,Africa,2017,32.651,55.309
Sao Tome and Principe,STP,Africa,2017,30.41,68.267
Suriname,SUR,South America,2017,18.758,72.417
Slovakia,SVK,Europe,2017,10.7,77.16585366
Slovenia,SVN,Europe,2017,9.8,81.02926829
Sweden,SWE,Europe,2017,11.5,82.4097561
eSwatini,SWZ,Africa,2017,26.408,57.895
Sint Maarten,SXM,North America,2017,9.0,75.03
Seychelles,SYC,Africa,2017,17.2,74.3
Syria,SYR,Asia,2017,18.568,68.481
Turks and Caicos Islands,TCA,North America,2017,13.308,76.702
Chad,TCD,Africa,2017,44.811,52.308
Togo,TGO,Africa,2017,33.656,60.154
Thailand,THA,Asia,2017,9.98,78.394
Tajikistan,TJK,Asia,2017,28.932,69.905
Turkmenistan,TKM,Asia,2017,24.648,68.916
Timor-Leste,TLS,Asia,2017,26.487,67.745
Tonga,TON,Oceania,2017,24.015,70.713
Trinidad and Tobago,TTO,North America,2017,12.909,74.23
Tunisia,TUN,Africa,2017,18.399,75.845
Turkey,TUR,Asia,2017,17.368,77.141
Tuvalu,TUV,Oceania,2017,22.999,64.148
Tanzania,TZA,Africa,2017,38.058,65.999
Uganda,UGA,Africa,2017,38.343,62.115
Ukraine,UKR,Europe,2017,9.4,71.78097561
Uruguay,URY,South America,2017,12.579,77.625
United States of America,USA,North America,2017,11.8,78.53902439
Uzbekistan,UZB,Asia,2017,22.1,71.01
Saint Vincent and the Grenadines,VCT,North America,2017,14.269,74.305
Venezuela,VEN,South America,2017,18.502,71.943
British Virgin Islands,VGB,North America,2017,6.847,74.785
United States Virgin Islands,VIR,North America,2017,12.8,79.36829268
Vietnam,VNM,Asia,2017,16.1,73.963
Vanuatu,VUT,Oceania,2017,31.484,69.71
Samoa,WSM,Oceania,2017,28.579,72.59
Yemen,YEM,Asia,2017,32.713,65.957
South Africa,ZAF,Africa,2017,20.643,65.402
Zambia,ZMB,Africa,2017,36.601,62.12
Zimbabwe,ZWE,Africa,2017,32.516,60.709
Aruba,ABW,North America,2018,9.881,76.072
Afghanistan,AFG,Asia,2018,36.927,63.081
Angola,AGO,Africa,2018,40.236,62.144
Albania,ALB,Europe,2018,10.517,79.184
Andorra,AND,Europe,2018,7.2,0.0
United Arab Emirates,ARE,Asia,2018,10.049,79.627
Argentina,ARG,South America,2018,15.187,76.999
Armenia,ARM,Asia,2018,13.307,75.064
American Samoa,ASM,Oceania,2018,0.0,0.0
Antigua and Barbuda,ATG,North America,2018,10.816,78.511
Australia,AUS,Oceania,2018,12.6,82.74878049
Austria,AUT,Europe,2018,9.7,81.69268293
Azerbaijan,AZE,Asia,2018,14.0,72.76
Burundi,BDI,Africa,2018,37.011,61.688
Belgium,BEL,Europe,2018,10.4,81.59512195
Benin,BEN,Africa,2018,38.186,60.14
Burkina Faso,BFA,Africa,2018,37.294,60.047
Bangladesh,BGD,Asia,2018,18.462,72.567
Bulgaria,BGR,Europe,2018,8.9,74.96341463
Bahrain,BHR,Asia,2018,13.818,79.857
Bahamas,BHS,North America,2018,11.566,73.806
Bosnia and Herz.,BIH,Europe,2018,9.067,77.093
Belarus,BLR,Europe,2018,9.9,74.17560976
Belize,BLZ,North America,2018,21.015,73.703
Bermuda,BMU,North America,2018,8.3,80.825
Bolivia,BOL,South America,2018,22.634,67.748
Brazil,BRA,South America,2018,14.133,75.109
Barbados,BRB,North America,2018,10.913,77.067
Brunei,BRN,Asia,2018,15.05,74.712
Bhutan,BTN,Asia,2018,13.789,71.129
Botswana,BWA,Africa,2018,25.328,65.422
Central African Rep.,CAF,Africa,2018,41.831,54.369
Canada,CAN,North America,2018,10.1,81.84390244
Switzerland,CHE,Europe,2018,10.3,83.75365854
Chile,CHL,South America,2018,11.94,80.133
China,CHN,Asia,2018,10.86,77.744
Ivory Coast,CIV,Africa,2018,35.007,58.849
Cameroon,CMR,Africa,2018,36.716,61.18
Dem. Rep. Congo,COD,Africa,2018,42.989,59.942
Congo,COG,Africa,2018,32.337,64.053
Colombia,COL,South America,2018,14.841,76.748
Comoros,COM,Africa,2018,30.859,63.912
Cape Verde,CPV,Africa,2018,17.821,75.733
Costa Rica,CRI,North America,2018,13.562,79.484
Cuba,CUB,North America,2018,10.348,77.496
Curacao,CUW,North America,2018,10.5,0.0
Cayman Islands,CYM,North America,2018,9.9,0.0
Cyprus,CYP,Europe,2018,10.843,81.382
Czech Republic,CZE,Europe,2018,10.7,79.02926829
Germany,DEU,Europe,2018,9.5,80.89268293
Djibouti,DJI,Africa,2018,22.982,63.038
Dominica,DMA,North America,2018,13.191,73.59
Denmark,DNK,Europe,2018,10.6,80.95365854
Dominican Rep.,DOM,North America,2018,19.762,73.232
Algeria,DZA,Africa,2018,24.074,76.066
Ecuador,ECU,South America,2018,17.658,77.094
Egypt,EGY,Africa,2018,24.562,71.367
Eritrea,ERI,Africa,2018,29.105,67.067
Spain,ESP,Europe,2018,7.9,83.43170732
Estonia,EST,Europe,2018,10.9,78.24390244
Ethiopia,ETH,Africa,2018,32.996,65.412
Finland,FIN,Europe,2018,8.6,81.73414634
Fiji,FJI,Oceania,2018,20.187,67.81
France,FRA,Europe,2018,11.3,82.67560976
Faroe Islands,FRO,Europe,2018,13.4,82.59512195
Micronesia,FSM,Oceania,2018,21.2,71.318
Gabon,GAB,Africa,2018,29.004,66.306
United Kingdom,GBR,Europe,2018,11.0,81.25609756
Georgia,GEO,Asia,2018,14.395,73.341
Ghana,GHA,Africa,2018,29.025,64.122
Gibraltar,GIB,Europe,2018,11.242,82.154
Guinea,GIN,Africa,2018,35.931,59.349
Gambia,GMB,Africa,2018,34.924,63.04
Guinea-Bissau,GNB,Africa,2018,32.657,60.502
Eq. Guinea,GNQ,Africa,2018,32.667,61.191
Greece,GRC,Europe,2018,8.1,81.78780488
Grenada,GRD,North America,2018,16.92,74.808
Greenland,GRL,North America,2018,14.6,71.88658537
Guatemala,GTM,North America,2018,23.929,72.726
Guam,GUM,Oceania,2018,17.02,77.439
Guyana,GUY,South America,2018,20.77,68.896
Hong Kong,HKG,Asia,2018,7.2,84.93414634
Honduras,HND,North America,2018,21.895,72.814
Croatia,HRV,Europe,2018,9.0,78.07073171
Haiti,HTI,North America,2018,24.579,64.019
Hungary,HUN,Europe,2018,9.6,76.06585366
Indonesia,IDN,Asia,2018,17.179,70.338
Isle of Man,IMN,Europe,2018,8.94,80.596
India,IND,Asia,2018,17.651,70.71
Ireland,IRL,Europe,2018,12.5,82.20487805
Iran,IRN,Asia,2018,17.231,76.195
Iraq,IRQ,Asia,2018,28.429,71.514
Iceland,ISL,Europe,2018,12.0,82.86097561
Israel,ISR,Asia,2018,20.8,82.80243902
Italy,ITA,Europe,2018,7.3,83.34634146
Jamaica,JAM,North America,2018,12.22,71.793
Jordan,JOR,Asia,2018,22.999,75.774
Japan,JPN,Asia,2018,7.4,84.21097561
Kazakhstan,KAZ,Asia,2018,21.77,73.15
Kenya,KEN,Africa,2018,29.18,62.676
Kyrgyzstan,KGZ,Asia,2018,27.1,71.4
Cambodia,KHM,Asia,2018,20.805,70.561
Kiribati,KIR,Oceania,2018,28.46,66.855
Saint Kitts and Nevis,KNA,North America,2018,12.942,71.467
South Korea,KOR,Asia,2018,6.4,82.62682927
Kuwait,KWT,Asia,2018,13.443,79.722
Laos,LAO,Asia,2018,23.238,67.634
Lebanon,LBN,Asia,2018,16.311,79.729
Liberia,LBR,Africa,2018,32.706,60.853
Libya,LBY,Africa,2018,19.282,72.794
Saint Lucia,LCA,North America,2018,11.986,73.357
Liechtenstein,LIE,Europe,2018,9.9,83.04146341
Sri Lanka,LKA,Asia,2018,14.805,75.748
Lithuania,LTU,Europe,2018,10.0,75.6804878
Luxembourg,LUX,Europe,2018,10.3,82.29512195
Latvia,LVA,Europe,2018,10.0,74.78292683
Macau,MAC,Asia,2018,10.621,84.928
Saint Martin,MAF,North America,2018,17.022,80.614
Morocco,MAR,Africa,2018,18.813,73.986
Monaco,MCO,Europe,2018,5.9,0.0
Moldova,MDA,Europe,2018,13.443,70.492
Madagascar,MDG,Africa,2018,32.088,65.27
Maldives,MDV,Asia,2018,15.531,80.013
Mexico,MEX,North America,2018,16.465,74.015
Marshall Islands,MHL,Oceania,2018,21.514,64.5
North Macedonia,MKD,Europe,2018,10.3,76.64878049
Mali,MLI,Africa,2018,42.901,59.393
Malta,MLT,Europe,2018,9.2,82.44878049
Myanmar,MMR,Asia,2018,17.869,66.465
Montenegro,MNE,Europe,2018,11.7,76.84146341
Mongolia,MNG,Asia,2018,23.836,71.199
Mozambique,MOZ,Africa,2018,37.753,60.526
Mauritania,MRT,Africa,2018,34.183,65.31
Mauritius,MUS,Africa,2018,10.2,74.41634146
Malawi,MWI,Africa,2018,33.925,63.276
Malaysia,MYS,Asia,2018,15.978,75.644
Namibia,NAM,Africa,2018,29.008,62.586
New Caledonia,NCL,Oceania,2018,15.0,80.00309756
Niger,NER,Africa,2018,46.127,62.454
Nigeria,NGA,Africa,2018,38.248,52.554
Nicaragua,NIC,North America,2018,21.704,73.85
Netherlands,NLD,Europe,2018,9.8,81.81219512
Norway,NOR,Europe,2018,10.4,82.75853659
Nepal,NPL,Asia,2018,21.026,68.979
Nauru,NRU,Oceania,2018,29.686,63.234
New Zealand,NZL,Oceania,2018,11.84,81.70731707
Oman,OMN,Asia,2018,19.816,77.966
Pakistan,PAK,Asia,2018,28.594,66.482
Panama,PAN,North America,2018,18.814,77.863
Peru,PER,South America,2018,18.092,76.009
Philippines,PHL,Asia,2018,22.445,71.689
Palau,PLW,Oceania,2018,14.0,0.0
Papua New Guinea,PNG,Oceania,2018,26.834,65.182
Poland,POL,Europe,2018,10.2,77.60243902
Puerto Rico,PRI,North America,2018,6.7,79.77
North Korea,PRK,Asia,2018,13.488,73.031
Portugal,PRT,Europe,2018,8.5,81.32439024
Paraguay,PRY,South America,2018,21.664,73.568
Palestine,PSE,Asia,2018,30.126,74.793
French Polynesia,PYF,Oceania,2018,13.777,82.783
Qatar,QAT,Asia,2018,10.598,80.898
Romania,ROU,Europe,2018,10.8,75.35853659
Russia,RUS,Europe,2018,10.9,72.66219512
Rwanda,RWA,Africa,2018,31.158,66.251
Saudi Arabia,SAU,Asia,2018,18.703,77.212
Sudan,SDN,Africa,2018,35.236,65.681
Senegal,SEN,Africa,2018,33.955,68.097
Singapore,SGP,Asia,2018,8.8,83.29756098
Solomon Islands,SLB,Oceania,2018,31.219,70.173
Sierra Leone,SLE,Africa,2018,33.099,59.796
El Salvador,SLV,North America,2018,16.536,72.555
San Marino,SMR,Europe,2018,6.8,0.0
Somalia,SOM,Africa,2018,44.992,56.375
Serbia,SRB,Europe,2018,9.2,75.8902439
S. Sudan,SSD,Africa,2018,30.147,55.95
Sao Tome and Principe,STP,Africa,2018,29.535,68.355
Suriname,SUR,South America,2018,18.577,72.553
Slovakia,SVK,Europe,2018,10.6,77.26585366
Slovenia,SVN,Europe,2018,9.4,81.37804878
Sweden,SWE,Europe,2018,11.4,82.55853659
eSwatini,SWZ,Africa,2018,25.718,59.411
Sint Maarten,SXM,North America,2018,10.1,75.131
Seychelles,SYC,Africa,2018,17.1,72.84146341
Syria,SYR,Asia,2018,18.155,70.145
Turks and Caicos Islands,TCA,North America,2018,13.13,76.443
Chad,TCD,Africa,2018,44.37,52.825
Togo,TGO,Africa,2018,33.186,60.244
Thailand,THA,Asia,2018,9.662,78.662
Tajikistan,TJK,Asia,2018,28.688,70.353
Turkmenistan,TKM,Asia,2018,23.845,68.796
Timor-Leste,TLS,Asia,2018,25.921,68.017
Tonga,TON,Oceania,2018,23.625,70.779
Trinidad and Tobago,TTO,North America,2018,12.557,73.802
Tunisia,TUN,Africa,2018,17.737,75.95
Turkey,TUR,Asia,2018,16.481,77.563
Tuvalu,TUV,Oceania,2018,23.508,64.212
Tanzania,TZA,Africa,2018,37.525,66.535
Uganda,UGA,Africa,2018,38.062,62.714
Ukraine,UKR,Europe,2018,8.7,71.58268293
Uruguay,URY,South America,2018,11.605,77.611
United States of America,USA,North America,2018,11.6,78.63902439
Uzbekistan,UZB,Asia,2018,23.3,71.149
Saint Vincent and the Grenadines,VCT,North America,2018,13.708,74.128
Venezuela,VEN,South America,2018,17.832,71.979
British Virgin Islands,VGB,North America,2018,7.114,75.831
United States Virgin Islands,VIR,North America,2018,12.6,79.5195122
Vietnam,VNM,Asia,2018,15.873,73.976
Vanuatu,VUT,Oceania,2018,30.889,69.795
Samoa,WSM,Oceania,2018,28.222,72.636
Yemen,YEM,Asia,2018,32.305,64.575
South Africa,ZAF,Africa,2018,21.137,65.674
Zambia,ZMB,Africa,2018,36.04,62.342
Zimbabwe,ZWE,Africa,2018,32.074,61.414
Aruba,ABW,North America,2019,9.138,76.248
Afghanistan,AFG,Asia,2019,36.466,63.565
Angola,AGO,Africa,2019,39.725,62.448
Albania,ALB,Europe,2019,10.343,79.282
Andorra,AND,Europe,2019,7.0,0.0
United Arab Emirates,ARE,Asia,2019,9.75,79.726
Argentina,ARG,South America,2019,14.783,77.284
Armenia,ARM,Asia,2019,12.892,75.439
American Samoa,ASM,Oceania,2019,0.0,0.0
Antigua and Barbuda,ATG,North America,2019,11.485,78.691
Australia,AUS,Oceania,2019,12.1,82.9
Austria,AUT,Europe,2019,9.6,81.89512195
Azerbaijan,AZE,Asia,2019,14.1,73.102
Burundi,BDI,Africa,2019,36.323,62.351
Belgium,BEL,Europe,2019,10.2,81.99512195
Benin,BEN,Africa,2019,37.675,60.454
Burkina Faso,BFA,Africa,2019,36.689,60.039
Bangladesh,BGD,Asia,2019,18.35,72.806
Bulgaria,BGR,Europe,2019,8.8,75.11219512
Bahrain,BHR,Asia,2019,13.198,80.019
Bahamas,BHS,North America,2019,11.487,71.205
Bosnia and Herz.,BIH,Europe,2019,8.819,77.241
Belarus,BLR,Europe,2019,9.3,74.22682927
Belize,BLZ,North America,2019,18.886,73.931
Bermuda,BMU,North America,2019,8.2,81.033
Bolivia,BOL,South America,2019,22.323,67.841
Brazil,BRA,South America,2019,13.633,75.338
Barbados,BRB,North America,2019,10.885,77.257
Brunei,BRN,Asia,2019,14.585,74.748
Bhutan,BTN,Asia,2019,12.871,71.391
Botswana,BWA,Africa,2019,24.887,65.464
Central African Rep.,CAF,Africa,2019,41.92,55.025
Canada,CAN,North America,2019,9.9,82.22878049
Switzerland,CHE,Europe,2019,10.0,83.90487805
Chile,CHL,South America,2019,11.855,80.326
China,CHN,Asia,2019,10.41,77.968
Ivory Coast,CIV,Africa,2019,34.554,59.319
Cameroon,CMR,Africa,2019,36.147,61.584
Dem. Rep. Congo,COD,Africa,2019,42.656,60.276
Congo,COG,Africa,2019,31.676,62.747
Colombia,COL,South America,2019,14.682,76.752
Comoros,COM,Africa,2019,30.4,64.068
Cape Verde,CPV,Africa,2019,17.463,76.004
Costa Rica,CRI,North America,2019,12.847,79.427
Cuba,CUB,North America,2019,9.752,77.611
Curacao,CUW,North America,2019,10.1,0.0
Cayman Islands,CYM,North America,2019,9.8,0.0
Cyprus,CYP,Europe,2019,10.794,81.397
Czech Republic,CZE,Europe,2019,10.5,79.22926829
Germany,DEU,Europe,2019,9.4,81.29268293
Djibouti,DJI,Africa,2019,22.748,63.085
Dominica,DMA,North America,2019,13.272,73.559
Denmark,DNK,Europe,2019,10.5,81.45121951
Dominican Rep.,DOM,North America,2019,19.291,73.577
Algeria,DZA,Africa,2019,23.298,76.474
Ecuador,ECU,South America,2019,17.338,77.297
Egypt,EGY,Africa,2019,23.568,71.358
Eritrea,ERI,Africa,2019,28.941,67.3
Spain,ESP,Europe,2019,7.6,83.83170732
Estonia,EST,Europe,2019,10.6,78.64634146
Ethiopia,ETH,Africa,2019,33.123,65.838
Finland,FIN,Europe,2019,8.3,81.98292683
Fiji,FJI,Oceania,2019,19.962,67.893
France,FRA,Europe,2019,11.2,82.82682927
Faroe Islands,FRO,Europe,2019,13.2,82.94634146
Micronesia,FSM,Oceania,2019,21.059,71.077
Gabon,GAB,Africa,2019,28.354,66.603
United Kingdom,GBR,Europe,2019,10.7,81.40487805
Georgia,GEO,Asia,2019,13.451,73.47
Ghana,GHA,Africa,2019,28.572,64.74
Gibraltar,GIB,Europe,2019,11.015,82.363
Guinea,GIN,Africa,2019,35.436,59.72
Gambia,GMB,Africa,2019,34.281,63.755
Guinea-Bissau,GNB,Africa,2019,32.093,60.882
Eq. Guinea,GNQ,Africa,2019,31.874,61.644
Greece,GRC,Europe,2019,7.8,81.63902439
Grenada,GRD,North America,2019,16.617,74.863
Greenland,GRL,North America,2019,15.1,72.04365854
Guatemala,GTM,North America,2019,22.858,73.129
Guam,GUM,Oceania,2019,16.624,77.717
Guyana,GUY,South America,2019,20.828,69.124
Hong Kong,HKG,Asia,2019,7.0,85.1804878
Honduras,HND,North America,2019,21.628,72.881
Croatia,HRV,Europe,2019,8.9,78.42439024
Haiti,HTI,North America,2019,24.304,64.255
Hungary,HUN,Europe,2019,9.5,76.3195122
Indonesia,IDN,Asia,2019,16.91,70.518
Isle of Man,IMN,Europe,2019,8.888,80.737
India,IND,Asia,2019,17.049,70.91
Ireland,IRL,Europe,2019,12.0,82.70243902
Iran,IRN,Asia,2019,15.118,76.103
Iraq,IRQ,Asia,2019,28.078,71.576
Iceland,ISL,Europe,2019,12.3,83.16341463
Israel,ISR,Asia,2019,20.1,82.80487805
Italy,ITA,Europe,2019,7.0,83.49756098
Jamaica,JAM,North America,2019,11.994,71.767
Jordan,JOR,Asia,2019,22.6,76.044
Japan,JPN,Asia,2019,7.0,84.35634146
Kazakhstan,KAZ,Asia,2019,21.73,73.18
Kenya,KEN,Africa,2019,28.46,62.943
Kyrgyzstan,KGZ,Asia,2019,26.9,71.6
Cambodia,KHM,Asia,2019,20.28,70.692
Kiribati,KIR,Oceania,2019,28.064,67.15
Saint Kitts and Nevis,KNA,North America,2019,12.693,71.572
South Korea,KOR,Asia,2019,5.9,83.22682927
Kuwait,KWT,Asia,2019,12.437,79.685
Laos,LAO,Asia,2019,22.786,68.138
Lebanon,LBN,Asia,2019,15.822,79.236
Liberia,LBR,Africa,2019,32.181,61.104
Libya,LBY,Africa,2019,18.732,72.463
Saint Lucia,LCA,North America,2019,11.834,73.445
Liechtenstein,LIE,Europe,2019,9.2,84.16097561
Sri Lanka,LKA,Asia,2019,14.534,76.008
Lithuania,LTU,Europe,2019,9.8,76.28292683
Luxembourg,LUX,Europe,2019,10.0,82.63902439
Latvia,LVA,Europe,2019,9.8,75.38780488
Macau,MAC,Asia,2019,10.295,84.978
Saint Martin,MAF,North America,2019,16.483,79.983
Morocco,MAR,Africa,2019,18.337,74.27
Monaco,MCO,Europe,2019,0.0,0.0
Moldova,MDA,Europe,2019,12.894,70.935
Madagascar,MDG,Africa,2019,31.701,65.882
Maldives,MDV,Asia,2019,15.001,80.116
Mexico,MEX,North America,2019,15.71,74.202
Marshall Islands,MHL,Oceania,2019,20.744,64.746
North Macedonia,MKD,Europe,2019,9.6,76.60243902
Mali,MLI,Africa,2019,42.376,59.664
Malta,MLT,Europe,2019,8.6,82.85853659
Myanmar,MMR,Asia,2019,17.663,66.61
Montenegro,MNE,Europe,2019,11.6,76.68292683
Mongolia,MNG,Asia,2019,23.292,71.822
Mozambique,MOZ,Africa,2019,37.345,61.166
Mauritania,MRT,Africa,2019,33.723,65.687
Mauritius,MUS,Africa,2019,10.2,74.23585366
Malawi,MWI,Africa,2019,33.598,64.119
Malaysia,MYS,Asia,2019,15.58,75.76
Namibia,NAM,Africa,2019,28.433,63.075
New Caledonia,NCL,Oceania,2019,15.2,80.41970732
Niger,NER,Africa,2019,45.859,62.897
Nigeria,NGA,Africa,2019,37.849,52.91
Nicaragua,NIC,North America,2019,21.305,74.054
Netherlands,NLD,Europe,2019,9.8,82.11219512
Norway,NOR,Europe,2019,10.2,82.95853659
Nepal,NPL,Asia,2019,20.868,69.558
Nauru,NRU,Oceania,2019,29.124,63.484
New Zealand,NZL,Oceania,2019,11.96,82.05609756
Oman,OMN,Asia,2019,19.298,78.002
Pakistan,PAK,Asia,2019,28.276,66.756
Panama,PAN,North America,2019,18.228,77.81
Peru,PER,South America,2019,18.042,76.156
Philippines,PHL,Asia,2019,22.254,71.865
Palau,PLW,Oceania,2019,11.2,0.0
Papua New Guinea,PNG,Oceania,2019,26.37,65.474
Poland,POL,Europe,2019,9.9,77.90487805
Puerto Rico,PRI,North America,2019,6.4,79.063
North Korea,PRK,Asia,2019,13.487,73.198
Portugal,PRT,Europe,2019,8.4,81.67560976
Paraguay,PRY,South America,2019,21.281,73.621
Palestine,PSE,Asia,2019,29.466,75.241
French Polynesia,PYF,Oceania,2019,13.088,82.996
Qatar,QAT,Asia,2019,10.743,80.99
Romania,ROU,Europe,2019,10.3,75.60731707
Russia,RUS,Europe,2019,10.1,73.08390244
Rwanda,RWA,Africa,2019,30.776,66.437
Saudi Arabia,SAU,Asia,2019,18.451,77.304
Sudan,SDN,Africa,2019,34.823,65.876
Senegal,SEN,Africa,2019,33.47,68.526
Singapore,SGP,Asia,2019,8.8,83.59512195
Solomon Islands,SLB,Oceania,2019,30.762,70.382
Sierra Leone,SLE,Africa,2019,32.549,60.255
El Salvador,SLV,North America,2019,16.416,72.559
San Marino,SMR,Europe,2019,6.7,0.0
Somalia,SOM,Africa,2019,44.564,57.078
Serbia,SRB,Europe,2019,9.3,75.93658537
S. Sudan,SSD,Africa,2019,29.058,55.912
Sao Tome and Principe,STP,Africa,2019,28.917,68.523
Suriname,SUR,South America,2019,18.409,72.242
Slovakia,SVK,Europe,2019,10.5,77.66585366
Slovenia,SVN,Europe,2019,9.3,81.52926829
Sweden,SWE,Europe,2019,11.1,83.1097561
eSwatini,SWZ,Africa,2019,25.118,60.549
Sint Maarten,SXM,North America,2019,9.6,75.437
Seychelles,SYC,Africa,2019,16.4,74.04634146
Syria,SYR,Asia,2019,18.883,71.822
Turks and Caicos Islands,TCA,North America,2019,12.849,75.326
Chad,TCD,Africa,2019,44.229,53.259
Togo,TGO,Africa,2019,32.756,60.901
Thailand,THA,Asia,2019,9.377,78.975
Tajikistan,TJK,Asia,2019,28.267,70.867
Turkmenistan,TKM,Asia,2019,23.055,69.002
Timor-Leste,TLS,Asia,2019,25.511,68.268
Tonga,TON,Oceania,2019,23.424,70.871
Trinidad and Tobago,TTO,North America,2019,12.359,74.228
Tunisia,TUN,Africa,2019,17.215,75.993
Turkey,TUR,Asia,2019,15.594,77.832
Tuvalu,TUV,Oceania,2019,23.619,64.278
Tanzania,TZA,Africa,2019,37.113,66.989
Uganda,UGA,Africa,2019,37.667,62.991
Ukraine,UKR,Europe,2019,8.1,71.82731707
Uruguay,URY,South America,2019,10.822,77.508
United States of America,USA,North America,2019,11.4,78.78780488
Uzbekistan,UZB,Asia,2019,24.3,71.344
Saint Vincent and the Grenadines,VCT,North America,2019,13.346,72.835
Venezuela,VEN,South America,2019,16.888,72.161
British Virgin Islands,VGB,North America,2019,7.29,75.863
United States Virgin Islands,VIR,North America,2019,12.3,79.66829268
Vietnam,VNM,Asia,2019,15.663,74.093
Vanuatu,VUT,Oceania,2019,30.4,69.877
Samoa,WSM,Oceania,2019,27.895,72.157
Yemen,YEM,Asia,2019,31.778,65.092
South Africa,ZAF,Africa,2019,21.276,66.175
Zambia,ZMB,Africa,2019,35.462,62.793
Zimbabwe,ZWE,Africa,2019,31.518,61.292
